$date
	Sat Aug 29 14:37:24 2026
$end
$version
	Icarus Verilog
$end
$timescale
	1ps
$end
$scope module tb_top $end
$var wire 1 ! b_base $end
$var wire 1 " b $end
$var wire 1 # a_base $end
$var wire 1 $ a $end
$var reg 1 % clk $end
$var reg 3 & dead_in [2:0] $end
$var reg 3 ' on_time [2:0] $end
$var reg 1 ( rst $end
$var integer 32 ) cycle_count [31:0] $end
$var integer 32 * overlap_errors_baseline [31:0] $end
$var integer 32 + overlap_errors_protected [31:0] $end
$scope module dut $end
$var wire 1 % clk $end
$var wire 3 , dead_in [2:0] $end
$var wire 3 - on_time [2:0] $end
$var wire 1 ( rst $end
$var wire 4 . total_dead [3:0] $end
$var wire 1 / sel_dead_b $end
$var wire 1 0 sel_dead $end
$var wire 1 1 rstc_b $end
$var wire 1 2 rstc $end
$var wire 3 3 reload_val [2:0] $end
$var wire 1 4 overlap_now $end
$var wire 1 5 ns_mismatch $end
$var wire 1 6 new_period_b $end
$var wire 1 7 new_period $end
$var wire 3 8 margin_add [2:0] $end
$var wire 1 9 eq_raw $end
$var wire 1 : eq_b $end
$var wire 1 ; eq $end
$var wire 3 < dead_time_eff [2:0] $end
$var wire 1 = dead_mismatch $end
$var wire 3 > dead_latched [2:0] $end
$var wire 3 ? count_out [2:0] $end
$var wire 1 @ cnt_mismatch $end
$var wire 1 A cnt_b $end
$var wire 1 B cnt $end
$var wire 1 C b_raw $end
$var wire 1 ! b_base $end
$var wire 1 " b $end
$var wire 1 D a_raw $end
$var wire 1 # a_base $end
$var wire 1 $ a $end
$var reg 3 E dead_latched_b [2:0] $end
$scope module c1 $end
$var wire 1 % clk $end
$var wire 3 F data [2:0] $end
$var wire 1 2 rst $end
$var wire 3 G out [2:0] $end
$var wire 1 @ cnt_mismatch $end
$var wire 1 B cnt $end
$var reg 3 H c0 [2:0] $end
$var reg 3 I c1 [2:0] $end
$var reg 3 J c2 [2:0] $end
$scope module count_voter $end
$var wire 3 K in0 [2:0] $end
$var wire 3 L in1 [2:0] $end
$var wire 3 M in2 [2:0] $end
$var wire 1 @ mismatch $end
$var wire 3 N out [2:0] $end
$upscope $end
$upscope $end
$scope module cp $end
$var wire 1 % clk $end
$var wire 1 ( rst $end
$var wire 1 : eq $end
$var reg 1 # a $end
$var reg 1 ! b $end
$var reg 1 A cnt $end
$var reg 1 6 new_period $end
$var reg 2 O ns [1:0] $end
$var reg 1 1 rstc $end
$var reg 1 / sel_dead $end
$upscope $end
$scope module ctrl $end
$var wire 1 % clk $end
$var wire 1 ( rst $end
$var wire 2 P ns_voted [1:0] $end
$var wire 1 5 ns_mismatch $end
$var wire 1 ; eq $end
$var reg 1 D a $end
$var reg 1 C b $end
$var reg 1 B cnt $end
$var reg 1 7 new_period $end
$var reg 2 Q ns0 [1:0] $end
$var reg 2 R ns1 [1:0] $end
$var reg 2 S ns2 [1:0] $end
$var reg 2 T ns_next [1:0] $end
$var reg 1 2 rstc $end
$var reg 1 0 sel_dead $end
$scope module ns_voter $end
$var wire 2 U in0 [1:0] $end
$var wire 2 V in1 [1:0] $end
$var wire 2 W in2 [1:0] $end
$var wire 1 5 mismatch $end
$var wire 2 X out [1:0] $end
$upscope $end
$upscope $end
$scope module dl $end
$var wire 1 % clk $end
$var wire 3 Y dead_in [2:0] $end
$var wire 1 7 new_period $end
$var wire 1 ( rst $end
$var wire 1 = dead_mismatch $end
$var wire 3 Z dead_latched [2:0] $end
$var reg 3 [ d0 [2:0] $end
$var reg 3 \ d1 [2:0] $end
$var reg 3 ] d2 [2:0] $end
$scope module dead_voter $end
$var wire 3 ^ in0 [2:0] $end
$var wire 3 _ in1 [2:0] $end
$var wire 3 ` in2 [2:0] $end
$var wire 1 = mismatch $end
$var wire 3 a out [2:0] $end
$upscope $end
$upscope $end
$scope module dp $end
$var wire 1 % clk $end
$var wire 1 A cnt $end
$var wire 3 b dead_time [2:0] $end
$var wire 3 c on_time [2:0] $end
$var wire 1 1 rst $end
$var wire 1 / sel_dead $end
$var wire 3 d reload_val [2:0] $end
$var wire 3 e inter [2:0] $end
$var wire 1 : eq $end
$scope module c1 $end
$var wire 1 % clk $end
$var wire 1 A cnt $end
$var wire 3 f data [2:0] $end
$var wire 1 1 rst $end
$var reg 3 g out [2:0] $end
$upscope $end
$scope module zd $end
$var wire 3 h data [2:0] $end
$var wire 1 : eq $end
$upscope $end
$upscope $end
$scope module gf $end
$var wire 1 % clk $end
$var wire 1 ; eq_filtered $end
$var wire 1 ( rst $end
$var wire 1 9 eq_raw $end
$var reg 1 i s0 $end
$var reg 1 j s1 $end
$var reg 1 k s2 $end
$upscope $end
$scope module ov $end
$var wire 1 D a_in $end
$var wire 1 $ a_safe $end
$var wire 1 C b_in $end
$var wire 1 " b_safe $end
$var wire 1 l not_overlap $end
$var wire 1 4 overlap_now $end
$upscope $end
$scope module sc $end
$var wire 1 4 anomaly $end
$var wire 1 % clk $end
$var wire 1 7 new_period $end
$var wire 1 ( rst $end
$var reg 1 m anomaly_latched $end
$var reg 4 n bad_streak [3:0] $end
$var reg 4 o good_streak [3:0] $end
$var reg 3 p margin_add [2:0] $end
$upscope $end
$scope module zd $end
$var wire 3 q data [2:0] $end
$var wire 1 9 eq $end
$upscope $end
$upscope $end
$upscope $end
$enddefinitions $end
#0
$dumpvars
bx q
bx p
bx o
bx n
xm
1l
xk
xj
xi
bx h
bx g
bx f
bx e
bx d
b100 c
bx b
bx a
bx `
bx _
bx ^
bx ]
bx \
bx [
bx Z
b10 Y
bx X
bx W
bx V
bx U
bx T
bx S
bx R
bx Q
bx P
bx O
bx N
bx M
bx L
bx K
bx J
bx I
bx H
bx G
b100 F
bx E
0D
0C
0B
xA
x@
bx ?
bx >
x=
bx <
x;
x:
x9
bx 8
07
x6
x5
04
b100 3
12
x1
00
x/
bx .
b100 -
b10 ,
b0 +
b0 *
b0 )
1(
b100 '
b10 &
0%
0$
x#
0"
x!
$end
#5000
b101 <
b101 .
b0 T
b0 P
b0 X
b101 >
b101 Z
b101 a
09
b100 ?
b100 G
b100 N
b100 q
0;
0=
0@
05
b100 d
b100 f
b101 ]
b101 `
b101 \
b101 _
b101 [
b101 ^
b100 J
b100 M
b100 I
b100 L
b100 H
b100 K
0k
0j
0i
b0 S
b0 W
b0 R
b0 V
b0 Q
b0 U
0m
b0 8
b0 p
b0 o
b0 n
06
0/
11
0A
0!
0#
b0 O
b101 E
b101 b
1%
#10000
0%
#15000
0:
b100 e
b100 g
b100 h
1%
#20000
0%
#25000
01
1A
1#
b1 )
1$
02
1B
1D
0(
1%
#30000
0%
#35000
b11 ?
b11 G
b11 N
b11 q
b10 )
b11 e
b11 g
b11 h
b11 J
b11 M
b11 I
b11 L
b11 H
b11 K
1%
#40000
0%
#45000
b10 ?
b10 G
b10 N
b10 q
b10 J
b10 M
b10 I
b10 L
b10 H
b10 K
b10 e
b10 g
b10 h
b11 )
1%
#50000
0%
#55000
b1 ?
b1 G
b1 N
b1 q
b100 )
b1 e
b1 g
b1 h
b1 J
b1 M
b1 I
b1 L
b1 H
b1 K
1%
#60000
0%
#65000
19
b0 ?
b0 G
b0 N
b0 q
b0 J
b0 M
b0 I
b0 L
b0 H
b0 K
1:
b0 e
b0 g
b0 h
b101 )
1%
#70000
0%
#75000
09
b111 ?
b111 G
b111 N
b111 q
b110 )
11
b1 O
0:
b111 e
b111 g
b111 h
1i
b111 J
b111 M
b111 I
b111 L
b111 H
b111 K
1%
#80000
0%
#85000
b110 ?
b110 G
b110 N
b110 q
b101 d
b101 f
b110 J
b110 M
b110 I
b110 L
b110 H
b110 K
0i
1j
b100 e
b100 g
b100 h
01
1/
0#
b111 )
1%
#90000
0%
#95000
b101 ?
b101 G
b101 N
b101 q
b1000 )
b11 e
b11 g
b11 h
0j
1k
b101 J
b101 M
b101 I
b101 L
b101 H
b101 K
1%
#100000
0%
#105000
b100 ?
b100 G
b100 N
b100 q
b100 J
b100 M
b100 I
b100 L
b100 H
b100 K
0k
b10 e
b10 g
b10 h
b1001 )
1%
#110000
0%
#115000
b11 ?
b11 G
b11 N
b11 q
b1010 )
b1 e
b1 g
b1 h
b11 J
b11 M
b11 I
b11 L
b11 H
b11 K
1%
#120000
0%
#125000
b10 ?
b10 G
b10 N
b10 q
b10 J
b10 M
b10 I
b10 L
b10 H
b10 K
1:
b0 e
b0 g
b0 h
b1011 )
1%
#130000
0%
#135000
b1 ?
b1 G
b1 N
b1 q
b1100 )
11
b10 O
0:
b111 e
b111 g
b111 h
b1 J
b1 M
b1 I
b1 L
b1 H
b1 K
1%
#140000
0%
#145000
19
b0 ?
b0 G
b0 N
b0 q
b100 d
b100 f
b0 J
b0 M
b0 I
b0 L
b0 H
b0 K
b101 e
b101 g
b101 h
01
0/
1!
b1101 )
1%
#150000
0%
#155000
09
b111 ?
b111 G
b111 N
b111 q
b1110 )
b100 e
b100 g
b100 h
1i
b111 J
b111 M
b111 I
b111 L
b111 H
b111 K
1%
#160000
0%
#165000
b110 ?
b110 G
b110 N
b110 q
b110 J
b110 M
b110 I
b110 L
b110 H
b110 K
0i
1j
b11 e
b11 g
b11 h
b1111 )
1%
#170000
0%
#175000
b101 ?
b101 G
b101 N
b101 q
b10000 )
b10 e
b10 g
b10 h
0j
1k
b101 J
b101 M
b101 I
b101 L
b101 H
b101 K
1%
#180000
0%
#185000
b100 ?
b100 G
b100 N
b100 q
b100 J
b100 M
b100 I
b100 L
b100 H
b100 K
0k
b1 e
b1 g
b1 h
b10001 )
1%
#190000
0%
#195000
b11 ?
b11 G
b11 N
b11 q
b10010 )
1:
b0 e
b0 g
b0 h
b11 J
b11 M
b11 I
b11 L
b11 H
b11 K
1%
#200000
0%
#205000
b10 ?
b10 G
b10 N
b10 q
b10 J
b10 M
b10 I
b10 L
b10 H
b10 K
0:
b111 e
b111 g
b111 h
11
b11 O
b10011 )
1%
#210000
0%
#215000
b1 ?
b1 G
b1 N
b1 q
b101 d
b101 f
b10100 )
01
1/
0!
b100 e
b100 g
b100 h
b1 J
b1 M
b1 I
b1 L
b1 H
b1 K
1%
#220000
0%
#225000
19
b0 ?
b0 G
b0 N
b0 q
b0 J
b0 M
b0 I
b0 L
b0 H
b0 K
b11 e
b11 g
b11 h
b10101 )
1%
#230000
0%
#235000
09
b111 ?
b111 G
b111 N
b111 q
b10110 )
b10 e
b10 g
b10 h
1i
b111 J
b111 M
b111 I
b111 L
b111 H
b111 K
1%
#240000
0%
#245000
b110 ?
b110 G
b110 N
b110 q
b110 J
b110 M
b110 I
b110 L
b110 H
b110 K
0i
1j
b1 e
b1 g
b1 h
b10111 )
1%
#250000
0%
#255000
b101 ?
b101 G
b101 N
b101 q
b11000 )
1:
b0 e
b0 g
b0 h
0j
1k
b101 J
b101 M
b101 I
b101 L
b101 H
b101 K
1%
#260000
0%
#265000
b100 ?
b100 G
b100 N
b100 q
b100 J
b100 M
b100 I
b100 L
b100 H
b100 K
0k
0:
b111 e
b111 g
b111 h
16
11
b0 O
b11001 )
1%
#270000
0%
#275000
b11 ?
b11 G
b11 N
b11 q
b100 d
b100 f
b11010 )
b10 E
b10 b
01
0/
1#
06
b101 e
b101 g
b101 h
b11 J
b11 M
b11 I
b11 L
b11 H
b11 K
1%
#280000
0%
#285000
b10 ?
b10 G
b10 N
b10 q
b10 J
b10 M
b10 I
b10 L
b10 H
b10 K
b100 e
b100 g
b100 h
b11011 )
1%
#290000
0%
#295000
b1 ?
b1 G
b1 N
b1 q
b11100 )
b11 e
b11 g
b11 h
b1 J
b1 M
b1 I
b1 L
b1 H
b1 K
1%
#300000
0%
#305000
19
b0 ?
b0 G
b0 N
b0 q
b0 J
b0 M
b0 I
b0 L
b0 H
b0 K
b10 e
b10 g
b10 h
b11101 )
1%
#310000
0%
#315000
09
b111 ?
b111 G
b111 N
b111 q
b11110 )
b1 e
b1 g
b1 h
1i
b111 J
b111 M
b111 I
b111 L
b111 H
b111 K
1%
#320000
0%
#325000
b110 ?
b110 G
b110 N
b110 q
b110 J
b110 M
b110 I
b110 L
b110 H
b110 K
0i
1j
1:
b0 e
b0 g
b0 h
b11111 )
1%
#330000
0%
#335000
b101 ?
b101 G
b101 N
b101 q
b100000 )
11
b1 O
0:
b111 e
b111 g
b111 h
0j
1k
b101 J
b101 M
b101 I
b101 L
b101 H
b101 K
1%
#340000
0%
#345000
b100 ?
b100 G
b100 N
b100 q
b10 d
b10 f
b100 J
b100 M
b100 I
b100 L
b100 H
b100 K
0k
b100 e
b100 g
b100 h
01
1/
0#
b100001 )
1%
#350000
0%
#355000
b11 ?
b11 G
b11 N
b11 q
b100010 )
b11 e
b11 g
b11 h
b11 J
b11 M
b11 I
b11 L
b11 H
b11 K
1%
#360000
0%
#365000
b10 ?
b10 G
b10 N
b10 q
b10 J
b10 M
b10 I
b10 L
b10 H
b10 K
b10 e
b10 g
b10 h
b100011 )
1%
#370000
0%
#375000
b1 ?
b1 G
b1 N
b1 q
b100100 )
b1 e
b1 g
b1 h
b1 J
b1 M
b1 I
b1 L
b1 H
b1 K
1%
#380000
0%
#385000
19
b0 ?
b0 G
b0 N
b0 q
b0 J
b0 M
b0 I
b0 L
b0 H
b0 K
1:
b0 e
b0 g
b0 h
b100101 )
1%
#390000
0%
#395000
09
b111 ?
b111 G
b111 N
b111 q
b100110 )
11
b10 O
0:
b111 e
b111 g
b111 h
1i
b111 J
b111 M
b111 I
b111 L
b111 H
b111 K
1%
#400000
0%
#405000
b110 ?
b110 G
b110 N
b110 q
b100 d
b100 f
b110 J
b110 M
b110 I
b110 L
b110 H
b110 K
0i
1j
b10 e
b10 g
b10 h
01
0/
1!
b100111 )
1%
#410000
0%
#415000
b101 ?
b101 G
b101 N
b101 q
b101000 )
b1 e
b1 g
b1 h
0j
1k
b101 J
b101 M
b101 I
b101 L
b101 H
b101 K
1%
#420000
0%
#425000
b100 ?
b100 G
b100 N
b100 q
b100 J
b100 M
b100 I
b100 L
b100 H
b100 K
0k
1:
b0 e
b0 g
b0 h
b101001 )
1%
#430000
0%
#435000
b11 ?
b11 G
b11 N
b11 q
b101010 )
11
b11 O
0:
b111 e
b111 g
b111 h
b11 J
b11 M
b11 I
b11 L
b11 H
b11 K
1%
#440000
0%
#445000
b10 ?
b10 G
b10 N
b10 q
b10 d
b10 f
b10 J
b10 M
b10 I
b10 L
b10 H
b10 K
b100 e
b100 g
b100 h
01
1/
0!
b101011 )
1%
#450000
0%
#455000
b1 ?
b1 G
b1 N
b1 q
b101100 )
b11 e
b11 g
b11 h
b1 J
b1 M
b1 I
b1 L
b1 H
b1 K
1%
#460000
0%
#465000
19
b0 ?
b0 G
b0 N
b0 q
b0 J
b0 M
b0 I
b0 L
b0 H
b0 K
b10 e
b10 g
b10 h
b101101 )
1%
#470000
0%
#475000
09
b111 ?
b111 G
b111 N
b111 q
b101110 )
b1 e
b1 g
b1 h
1i
b111 J
b111 M
b111 I
b111 L
b111 H
b111 K
1%
#480000
0%
#485000
b110 ?
b110 G
b110 N
b110 q
b110 J
b110 M
b110 I
b110 L
b110 H
b110 K
0i
1j
1:
b0 e
b0 g
b0 h
b101111 )
1%
#490000
0%
#495000
b101 ?
b101 G
b101 N
b101 q
b110000 )
16
11
b0 O
0:
b111 e
b111 g
b111 h
0j
1k
b101 J
b101 M
b101 I
b101 L
b101 H
b101 K
1%
#500000
0%
#505000
b100 ?
b100 G
b100 N
b100 q
b100 d
b100 f
b100 J
b100 M
b100 I
b100 L
b100 H
b100 K
0k
b10 e
b10 g
b10 h
01
0/
1#
06
b110001 )
1%
#510000
0%
#515000
b11 ?
b11 G
b11 N
b11 q
b110010 )
b1 e
b1 g
b1 h
b11 J
b11 M
b11 I
b11 L
b11 H
b11 K
1%
#520000
0%
#525000
b10 ?
b10 G
b10 N
b10 q
b10 J
b10 M
b10 I
b10 L
b10 H
b10 K
1:
b0 e
b0 g
b0 h
b110011 )
1%
#530000
0%
#535000
b1 ?
b1 G
b1 N
b1 q
b110100 )
11
b1 O
0:
b111 e
b111 g
b111 h
b1 J
b1 M
b1 I
b1 L
b1 H
b1 K
1%
#540000
0%
#545000
19
b0 ?
b0 G
b0 N
b0 q
b10 d
b10 f
b0 J
b0 M
b0 I
b0 L
b0 H
b0 K
b100 e
b100 g
b100 h
01
1/
0#
b110101 )
1%
#550000
0%
#555000
09
b111 ?
b111 G
b111 N
b111 q
b110110 )
b11 e
b11 g
b11 h
1i
b111 J
b111 M
b111 I
b111 L
b111 H
b111 K
1%
#560000
0%
#565000
b110 ?
b110 G
b110 N
b110 q
b110 J
b110 M
b110 I
b110 L
b110 H
b110 K
0i
1j
b10 e
b10 g
b10 h
b110111 )
1%
#570000
0%
#575000
b101 ?
b101 G
b101 N
b101 q
b111000 )
b1 e
b1 g
b1 h
0j
1k
b101 J
b101 M
b101 I
b101 L
b101 H
b101 K
1%
#580000
0%
#585000
b100 ?
b100 G
b100 N
b100 q
b100 J
b100 M
b100 I
b100 L
b100 H
b100 K
0k
1:
b0 e
b0 g
b0 h
b111001 )
1%
#590000
0%
#595000
b11 ?
b11 G
b11 N
b11 q
b111010 )
11
b10 O
0:
b111 e
b111 g
b111 h
b11 J
b11 M
b11 I
b11 L
b11 H
b11 K
1%
#600000
0%
#605000
b10 ?
b10 G
b10 N
b10 q
b100 d
b100 f
b10 J
b10 M
b10 I
b10 L
b10 H
b10 K
b10 e
b10 g
b10 h
01
0/
1!
b111011 )
1%
#610000
0%
#615000
b1 ?
b1 G
b1 N
b1 q
b111100 )
b1 e
b1 g
b1 h
b1 J
b1 M
b1 I
b1 L
b1 H
b1 K
1%
#620000
0%
#625000
19
b0 ?
b0 G
b0 N
b0 q
b0 J
b0 M
b0 I
b0 L
b0 H
b0 K
1:
b0 e
b0 g
b0 h
b111101 )
1%
#630000
0%
#635000
09
b111 ?
b111 G
b111 N
b111 q
b111110 )
11
b11 O
0:
b111 e
b111 g
b111 h
1i
b111 J
b111 M
b111 I
b111 L
b111 H
b111 K
b101 &
b101 ,
b101 Y
1%
#640000
0%
#645000
b110 ?
b110 G
b110 N
b110 q
b10 d
b10 f
b110 J
b110 M
b110 I
b110 L
b110 H
b110 K
0i
1j
b100 e
b100 g
b100 h
01
1/
0!
b111111 )
1%
#650000
0%
#655000
b101 ?
b101 G
b101 N
b101 q
b1000000 )
b11 e
b11 g
b11 h
0j
1k
b101 J
b101 M
b101 I
b101 L
b101 H
b101 K
1%
#660000
0%
#665000
b100 ?
b100 G
b100 N
b100 q
b100 J
b100 M
b100 I
b100 L
b100 H
b100 K
0k
b10 e
b10 g
b10 h
b1000001 )
1%
#670000
0%
#675000
b11 ?
b11 G
b11 N
b11 q
b1000010 )
b1 e
b1 g
b1 h
b11 J
b11 M
b11 I
b11 L
b11 H
b11 K
1%
#680000
0%
#685000
b10 ?
b10 G
b10 N
b10 q
b10 J
b10 M
b10 I
b10 L
b10 H
b10 K
1:
b0 e
b0 g
b0 h
b1000011 )
1%
#690000
0%
#695000
b1 ?
b1 G
b1 N
b1 q
b1000100 )
16
11
b0 O
0:
b111 e
b111 g
b111 h
b1 J
b1 M
b1 I
b1 L
b1 H
b1 K
1%
#700000
0%
#705000
19
b0 ?
b0 G
b0 N
b0 q
b100 d
b100 f
b0 J
b0 M
b0 I
b0 L
b0 H
b0 K
b10 e
b10 g
b10 h
01
0/
1#
06
b101 E
b101 b
b1000101 )
1%
#710000
0%
#715000
09
b111 ?
b111 G
b111 N
b111 q
b1000110 )
b1 e
b1 g
b1 h
1i
b111 J
b111 M
b111 I
b111 L
b111 H
b111 K
1%
#720000
0%
#725000
b110 ?
b110 G
b110 N
b110 q
b110 J
b110 M
b110 I
b110 L
b110 H
b110 K
0i
1j
1:
b0 e
b0 g
b0 h
b1000111 )
1%
#730000
0%
#735000
b101 ?
b101 G
b101 N
b101 q
b1001000 )
11
b1 O
0:
b111 e
b111 g
b111 h
0j
1k
b101 J
b101 M
b101 I
b101 L
b101 H
b101 K
1%
#740000
0%
#745000
b100 ?
b100 G
b100 N
b100 q
b101 d
b101 f
b100 J
b100 M
b100 I
b100 L
b100 H
b100 K
0k
b100 e
b100 g
b100 h
01
1/
0#
b1001001 )
1%
#750000
0%
#755000
b11 ?
b11 G
b11 N
b11 q
b1001010 )
b11 e
b11 g
b11 h
b11 J
b11 M
b11 I
b11 L
b11 H
b11 K
1%
#760000
0%
#765000
b10 ?
b10 G
b10 N
b10 q
b10 J
b10 M
b10 I
b10 L
b10 H
b10 K
b10 e
b10 g
b10 h
b1001011 )
1%
#770000
0%
#775000
b1 ?
b1 G
b1 N
b1 q
b1001100 )
b1 e
b1 g
b1 h
b1 J
b1 M
b1 I
b1 L
b1 H
b1 K
1%
#780000
0%
#785000
19
b0 ?
b0 G
b0 N
b0 q
b0 J
b0 M
b0 I
b0 L
b0 H
b0 K
1:
b0 e
b0 g
b0 h
b1001101 )
1%
#790000
0%
#795000
09
b111 ?
b111 G
b111 N
b111 q
b1001110 )
11
b10 O
0:
b111 e
b111 g
b111 h
1i
b111 J
b111 M
b111 I
b111 L
b111 H
b111 K
1%
#800000
0%
#805000
b110 ?
b110 G
b110 N
b110 q
b100 d
b100 f
b110 J
b110 M
b110 I
b110 L
b110 H
b110 K
0i
1j
b101 e
b101 g
b101 h
01
0/
1!
b1001111 )
1%
#810000
0%
#815000
b101 ?
b101 G
b101 N
b101 q
b1010000 )
b100 e
b100 g
b100 h
0j
1k
b101 J
b101 M
b101 I
b101 L
b101 H
b101 K
1%
#820000
0%
#825000
b100 ?
b100 G
b100 N
b100 q
b100 J
b100 M
b100 I
b100 L
b100 H
b100 K
0k
b11 e
b11 g
b11 h
b1010001 )
1%
#830000
0%
#835000
b11 ?
b11 G
b11 N
b11 q
b1010010 )
b10 e
b10 g
b10 h
b11 J
b11 M
b11 I
b11 L
b11 H
b11 K
1%
#840000
0%
#845000
b10 ?
b10 G
b10 N
b10 q
b10 J
b10 M
b10 I
b10 L
b10 H
b10 K
b1 e
b1 g
b1 h
b1010011 )
1%
#850000
0%
#855000
b1 ?
b1 G
b1 N
b1 q
b1010100 )
1:
b0 e
b0 g
b0 h
b1 J
b1 M
b1 I
b1 L
b1 H
b1 K
1%
#860000
0%
#865000
19
b0 ?
b0 G
b0 N
b0 q
b0 J
b0 M
b0 I
b0 L
b0 H
b0 K
0:
b111 e
b111 g
b111 h
11
b11 O
b1010101 )
1%
#870000
0%
#875000
09
b111 ?
b111 G
b111 N
b111 q
b101 d
b101 f
b1010110 )
01
1/
0!
b100 e
b100 g
b100 h
1i
b111 J
b111 M
b111 I
b111 L
b111 H
b111 K
1%
#880000
0%
#885000
b110 ?
b110 G
b110 N
b110 q
b110 J
b110 M
b110 I
b110 L
b110 H
b110 K
0i
1j
b11 e
b11 g
b11 h
b1010111 )
1%
#890000
0%
#895000
b101 ?
b101 G
b101 N
b101 q
b1011000 )
b10 e
b10 g
b10 h
0j
1k
b101 J
b101 M
b101 I
b101 L
b101 H
b101 K
1%
#900000
0%
#905000
b100 ?
b100 G
b100 N
b100 q
b100 J
b100 M
b100 I
b100 L
b100 H
b100 K
0k
b1 e
b1 g
b1 h
b1011001 )
1%
#910000
0%
#915000
b11 ?
b11 G
b11 N
b11 q
b1011010 )
1:
b0 e
b0 g
b0 h
b11 J
b11 M
b11 I
b11 L
b11 H
b11 K
1%
#920000
0%
#925000
b10 ?
b10 G
b10 N
b10 q
b10 J
b10 M
b10 I
b10 L
b10 H
b10 K
0:
b111 e
b111 g
b111 h
16
11
b0 O
b1011011 )
1%
#930000
0%
#935000
b1 ?
b1 G
b1 N
b1 q
b100 d
b100 f
b1011100 )
01
0/
1#
06
b101 e
b101 g
b101 h
b1 J
b1 M
b1 I
b1 L
b1 H
b1 K
1%
#940000
0%
#945000
19
b0 ?
b0 G
b0 N
b0 q
b0 J
b0 M
b0 I
b0 L
b0 H
b0 K
b100 e
b100 g
b100 h
b1011101 )
1%
#950000
0%
#955000
09
b111 ?
b111 G
b111 N
b111 q
b1011110 )
b11 e
b11 g
b11 h
1i
b111 J
b111 M
b111 I
b111 L
b111 H
b111 K
1%
#960000
0%
#965000
b110 ?
b110 G
b110 N
b110 q
b110 J
b110 M
b110 I
b110 L
b110 H
b110 K
0i
1j
b10 e
b10 g
b10 h
b1011111 )
1%
#970000
0%
#975000
b101 ?
b101 G
b101 N
b101 q
b1100000 )
b1 e
b1 g
b1 h
0j
1k
b101 J
b101 M
b101 I
b101 L
b101 H
b101 K
1%
#980000
0%
#985000
b100 ?
b100 G
b100 N
b100 q
b100 J
b100 M
b100 I
b100 L
b100 H
b100 K
0k
1:
b0 e
b0 g
b0 h
b1100001 )
1%
#990000
0%
#995000
b11 ?
b11 G
b11 N
b11 q
b1100010 )
11
b1 O
0:
b111 e
b111 g
b111 h
b11 J
b11 M
b11 I
b11 L
b11 H
b11 K
1%
#1000000
0%
#1005000
b10 ?
b10 G
b10 N
b10 q
b101 d
b101 f
b10 J
b10 M
b10 I
b10 L
b10 H
b10 K
b100 e
b100 g
b100 h
01
1/
0#
b1100011 )
1%
#1010000
0%
#1015000
b1 ?
b1 G
b1 N
b1 q
b1100100 )
b11 e
b11 g
b11 h
b1 J
b1 M
b1 I
b1 L
b1 H
b1 K
1%
#1020000
0%
#1025000
19
b0 ?
b0 G
b0 N
b0 q
b0 J
b0 M
b0 I
b0 L
b0 H
b0 K
b10 e
b10 g
b10 h
b1100101 )
1%
#1030000
0%
#1035000
09
b111 ?
b111 G
b111 N
b111 q
b1100110 )
b1 e
b1 g
b1 h
1i
b111 J
b111 M
b111 I
b111 L
b111 H
b111 K
1%
#1040000
0%
#1045000
b110 ?
b110 G
b110 N
b110 q
b110 J
b110 M
b110 I
b110 L
b110 H
b110 K
0i
1j
1:
b0 e
b0 g
b0 h
b1100111 )
15
b11 R
b11 V
1%
#1050000
0%
#1055000
05
b101 ?
b101 G
b101 N
b101 q
b1101000 )
11
b10 O
0:
b111 e
b111 g
b111 h
0j
1k
b101 J
b101 M
b101 I
b101 L
b101 H
b101 K
b0 R
b0 V
1%
#1060000
0%
#1065000
b100 ?
b100 G
b100 N
b100 q
b100 d
b100 f
b100 J
b100 M
b100 I
b100 L
b100 H
b100 K
0k
b101 e
b101 g
b101 h
01
0/
1!
b1101001 )
1%
#1070000
0%
#1075000
b11 ?
b11 G
b11 N
b11 q
b1101010 )
b100 e
b100 g
b100 h
b11 J
b11 M
b11 I
b11 L
b11 H
b11 K
1%
#1080000
0%
#1085000
b10 ?
b10 G
b10 N
b10 q
b10 J
b10 M
b10 I
b10 L
b10 H
b10 K
b11 e
b11 g
b11 h
b1101011 )
1%
#1090000
0%
#1095000
b1 ?
b1 G
b1 N
b1 q
b1101100 )
b10 e
b10 g
b10 h
b1 J
b1 M
b1 I
b1 L
b1 H
b1 K
1%
#1100000
0%
#1105000
19
b0 ?
b0 G
b0 N
b0 q
b0 J
b0 M
b0 I
b0 L
b0 H
b0 K
b1 e
b1 g
b1 h
b1101101 )
1%
#1110000
0%
#1115000
09
b111 ?
b111 G
b111 N
b111 q
b1101110 )
1:
b0 e
b0 g
b0 h
1i
b111 J
b111 M
b111 I
b111 L
b111 H
b111 K
1%
#1120000
0%
#1125000
b110 ?
b110 G
b110 N
b110 q
b110 J
b110 M
b110 I
b110 L
b110 H
b110 K
0i
1j
0:
b111 e
b111 g
b111 h
11
b11 O
b1101111 )
1%
#1130000
0%
#1135000
b101 ?
b101 G
b101 N
b101 q
b101 d
b101 f
b1110000 )
01
1/
0!
b100 e
b100 g
b100 h
0j
1k
b101 J
b101 M
b101 I
b101 L
b101 H
b101 K
1%
#1140000
0%
#1145000
b100 ?
b100 G
b100 N
b100 q
b100 J
b100 M
b100 I
b100 L
b100 H
b100 K
0k
b11 e
b11 g
b11 h
b1110001 )
1%
#1150000
0%
#1155000
b11 ?
b11 G
b11 N
b11 q
b1110010 )
b10 e
b10 g
b10 h
b11 J
b11 M
b11 I
b11 L
b11 H
b11 K
1%
#1160000
0%
#1165000
b10 ?
b10 G
b10 N
b10 q
b10 J
b10 M
b10 I
b10 L
b10 H
b10 K
b1 e
b1 g
b1 h
b1110011 )
1%
#1170000
0%
#1175000
b1 ?
b1 G
b1 N
b1 q
b1110100 )
1:
b0 e
b0 g
b0 h
b1 J
b1 M
b1 I
b1 L
b1 H
b1 K
1%
#1180000
0%
#1185000
19
b0 ?
b0 G
b0 N
b0 q
b0 J
b0 M
b0 I
b0 L
b0 H
b0 K
0:
b111 e
b111 g
b111 h
16
11
b0 O
b1110101 )
1%
#1190000
0%
#1195000
09
b111 ?
b111 G
b111 N
b111 q
b100 d
b100 f
b1110110 )
01
0/
1#
06
b101 e
b101 g
b101 h
1i
b111 J
b111 M
b111 I
b111 L
b111 H
b111 K
1%
#1200000
0%
#1205000
b110 ?
b110 G
b110 N
b110 q
b110 J
b110 M
b110 I
b110 L
b110 H
b110 K
0i
1j
b100 e
b100 g
b100 h
b1110111 )
1%
#1210000
0%
#1215000
b101 ?
b101 G
b101 N
b101 q
b1111000 )
b11 e
b11 g
b11 h
0j
1k
b101 J
b101 M
b101 I
b101 L
b101 H
b101 K
1%
#1220000
0%
#1225000
b100 ?
b100 G
b100 N
b100 q
b100 J
b100 M
b100 I
b100 L
b100 H
b100 K
0k
b10 e
b10 g
b10 h
b1111001 )
1%
#1230000
0%
#1235000
b11 ?
b11 G
b11 N
b11 q
b1111010 )
b1 e
b1 g
b1 h
b11 J
b11 M
b11 I
b11 L
b11 H
b11 K
1%
#1240000
0%
#1245000
b10 ?
b10 G
b10 N
b10 q
b10 J
b10 M
b10 I
b10 L
b10 H
b10 K
1:
b0 e
b0 g
b0 h
b1111011 )
1%
#1250000
0%
#1255000
b1 ?
b1 G
b1 N
b1 q
b1111100 )
11
b1 O
0:
b111 e
b111 g
b111 h
b1 J
b1 M
b1 I
b1 L
b1 H
b1 K
0$
0l
14
1%
#1260000
0%
#1265000
19
b0 ?
b0 G
b0 N
b0 q
b101 d
b101 f
b0 J
b0 M
b0 I
b0 L
b0 H
b0 K
b100 e
b100 g
b100 h
01
1/
0#
b1111101 )
1$
1l
04
1%
#1270000
0%
#1275000
09
b111 ?
b111 G
b111 N
b111 q
b1111110 )
b11 e
b11 g
b11 h
1i
b111 J
b111 M
b111 I
b111 L
b111 H
b111 K
1%
#1280000
0%
#1285000
b110 ?
b110 G
b110 N
b110 q
b110 J
b110 M
b110 I
b110 L
b110 H
b110 K
0i
1j
b10 e
b10 g
b10 h
b1111111 )
1%
#1290000
0%
#1295000
b101 ?
b101 G
b101 N
b101 q
b10000000 )
b1 e
b1 g
b1 h
0j
1k
b101 J
b101 M
b101 I
b101 L
b101 H
b101 K
1%
#1300000
0%
#1305000
b100 ?
b100 G
b100 N
b100 q
b100 J
b100 M
b100 I
b100 L
b100 H
b100 K
0k
1:
b0 e
b0 g
b0 h
b10000001 )
1%
#1310000
0%
#1315000
b11 ?
b11 G
b11 N
b11 q
b10000010 )
11
b10 O
0:
b111 e
b111 g
b111 h
b11 J
b11 M
b11 I
b11 L
b11 H
b11 K
1%
#1320000
0%
#1325000
b10 ?
b10 G
b10 N
b10 q
b100 d
b100 f
b10 J
b10 M
b10 I
b10 L
b10 H
b10 K
b101 e
b101 g
b101 h
01
0/
1!
b10000011 )
1%
#1330000
0%
#1335000
b1 ?
b1 G
b1 N
b1 q
b10000100 )
b100 e
b100 g
b100 h
b1 J
b1 M
b1 I
b1 L
b1 H
b1 K
1%
#1340000
0%
#1345000
19
b0 ?
b0 G
b0 N
b0 q
b0 J
b0 M
b0 I
b0 L
b0 H
b0 K
b11 e
b11 g
b11 h
b10000101 )
1%
#1350000
0%
#1355000
09
b111 ?
b111 G
b111 N
b111 q
b10000110 )
b10 e
b10 g
b10 h
1i
b111 J
b111 M
b111 I
b111 L
b111 H
b111 K
1%
#1360000
0%
#1365000
b110 ?
b110 G
b110 N
b110 q
b110 J
b110 M
b110 I
b110 L
b110 H
b110 K
0i
1j
b1 e
b1 g
b1 h
b10000111 )
1%
#1370000
0%
#1375000
b101 ?
b101 G
b101 N
b101 q
b10001000 )
1:
b0 e
b0 g
b0 h
0j
1k
b101 J
b101 M
b101 I
b101 L
b101 H
b101 K
1%
#1380000
0%
#1385000
b100 ?
b100 G
b100 N
b100 q
b100 J
b100 M
b100 I
b100 L
b100 H
b100 K
0k
0:
b111 e
b111 g
b111 h
11
b11 O
b10001001 )
1%
#1390000
0%
#1395000
b11 ?
b11 G
b11 N
b11 q
b101 d
b101 f
b10001010 )
01
1/
0!
b100 e
b100 g
b100 h
b11 J
b11 M
b11 I
b11 L
b11 H
b11 K
1%
#1400000
0%
#1405000
b10 ?
b10 G
b10 N
b10 q
b10 J
b10 M
b10 I
b10 L
b10 H
b10 K
b11 e
b11 g
b11 h
b10001011 )
1%
#1410000
0%
#1415000
b1 ?
b1 G
b1 N
b1 q
b10001100 )
b10 e
b10 g
b10 h
b1 J
b1 M
b1 I
b1 L
b1 H
b1 K
1%
#1420000
0%
#1425000
19
b0 ?
b0 G
b0 N
b0 q
b0 J
b0 M
b0 I
b0 L
b0 H
b0 K
b1 e
b1 g
b1 h
b10001101 )
1%
#1430000
0%
#1435000
09
b111 ?
b111 G
b111 N
b111 q
b10001110 )
1:
b0 e
b0 g
b0 h
1i
b111 J
b111 M
b111 I
b111 L
b111 H
b111 K
1%
#1440000
0%
#1445000
b110 ?
b110 G
b110 N
b110 q
b110 J
b110 M
b110 I
b110 L
b110 H
b110 K
0i
1j
0:
b111 e
b111 g
b111 h
16
11
b0 O
b10001111 )
1%
#1450000
0%
#1455000
b101 ?
b101 G
b101 N
b101 q
b100 d
b100 f
b10010000 )
01
0/
1#
06
b101 e
b101 g
b101 h
0j
1k
b101 J
b101 M
b101 I
b101 L
b101 H
b101 K
1%
#1460000
0%
#1465000
b100 ?
b100 G
b100 N
b100 q
b100 J
b100 M
b100 I
b100 L
b100 H
b100 K
0k
b100 e
b100 g
b100 h
b10010001 )
1%
#1470000
0%
#1475000
b11 ?
b11 G
b11 N
b11 q
b10010010 )
b11 e
b11 g
b11 h
b11 J
b11 M
b11 I
b11 L
b11 H
b11 K
1%
#1480000
0%
#1485000
b10 ?
b10 G
b10 N
b10 q
b10 J
b10 M
b10 I
b10 L
b10 H
b10 K
b10 e
b10 g
b10 h
b10010011 )
1%
#1490000
0%
#1495000
b1 ?
b1 G
b1 N
b1 q
b10010100 )
b1 e
b1 g
b1 h
b1 J
b1 M
b1 I
b1 L
b1 H
b1 K
1%
#1500000
0%
#1505000
19
b0 ?
b0 G
b0 N
b0 q
b0 J
b0 M
b0 I
b0 L
b0 H
b0 K
1:
b0 e
b0 g
b0 h
b10010101 )
1%
#1510000
0%
#1515000
09
b111 ?
b111 G
b111 N
b111 q
b10010110 )
11
b1 O
0:
b111 e
b111 g
b111 h
1i
b111 J
b111 M
b111 I
b111 L
b111 H
b111 K
1%
#1520000
0%
#1525000
b110 ?
b110 G
b110 N
b110 q
b101 d
b101 f
b110 J
b110 M
b110 I
b110 L
b110 H
b110 K
0i
1j
b100 e
b100 g
b100 h
01
1/
0#
b10010111 )
1%
#1530000
0%
#1535000
b101 ?
b101 G
b101 N
b101 q
b10011000 )
b11 e
b11 g
b11 h
0j
1k
b101 J
b101 M
b101 I
b101 L
b101 H
b101 K
1%
#1540000
0%
#1545000
b100 ?
b100 G
b100 N
b100 q
b100 J
b100 M
b100 I
b100 L
b100 H
b100 K
0k
b10 e
b10 g
b10 h
b10011001 )
1%
#1550000
0%
#1555000
b11 ?
b11 G
b11 N
b11 q
b10011010 )
b1 e
b1 g
b1 h
b11 J
b11 M
b11 I
b11 L
b11 H
b11 K
1%
#1560000
0%
#1565000
b10 ?
b10 G
b10 N
b10 q
b10 J
b10 M
b10 I
b10 L
b10 H
b10 K
1:
b0 e
b0 g
b0 h
b10011011 )
1%
#1570000
0%
#1575000
b1 ?
b1 G
b1 N
b1 q
b10011100 )
11
b10 O
0:
b111 e
b111 g
b111 h
b1 J
b1 M
b1 I
b1 L
b1 H
b1 K
0$
0l
14
1%
#1580000
0%
#1585000
19
b0 ?
b0 G
b0 N
b0 q
b100 d
b100 f
b0 J
b0 M
b0 I
b0 L
b0 H
b0 K
b101 e
b101 g
b101 h
01
0/
1!
b10011101 )
1$
1l
04
1%
#1590000
0%
#1595000
09
b111 ?
b111 G
b111 N
b111 q
b10011110 )
b100 e
b100 g
b100 h
1i
b111 J
b111 M
b111 I
b111 L
b111 H
b111 K
1%
#1600000
0%
#1605000
b110 ?
b110 G
b110 N
b110 q
b110 J
b110 M
b110 I
b110 L
b110 H
b110 K
0i
1j
b11 e
b11 g
b11 h
b10011111 )
1%
#1610000
0%
#1615000
b101 ?
b101 G
b101 N
b101 q
b10100000 )
b10 e
b10 g
b10 h
0j
1k
b101 J
b101 M
b101 I
b101 L
b101 H
b101 K
1%
#1620000
0%
#1625000
b100 ?
b100 G
b100 N
b100 q
b100 J
b100 M
b100 I
b100 L
b100 H
b100 K
0k
b1 e
b1 g
b1 h
b10100001 )
1%
#1630000
0%
#1635000
b11 ?
b11 G
b11 N
b11 q
b10100010 )
1:
b0 e
b0 g
b0 h
b11 J
b11 M
b11 I
b11 L
b11 H
b11 K
1%
#1640000
0%
#1645000
b10 ?
b10 G
b10 N
b10 q
b10 J
b10 M
b10 I
b10 L
b10 H
b10 K
0:
b111 e
b111 g
b111 h
11
b11 O
b10100011 )
1%
#1650000
0%
#1655000
b1 ?
b1 G
b1 N
b1 q
b101 d
b101 f
b10100100 )
01
1/
0!
b100 e
b100 g
b100 h
b1 J
b1 M
b1 I
b1 L
b1 H
b1 K
1%
#1660000
0%
#1665000
19
b0 ?
b0 G
b0 N
b0 q
b0 J
b0 M
b0 I
b0 L
b0 H
b0 K
b11 e
b11 g
b11 h
b10100101 )
1%
#1670000
0%
#1675000
09
b111 ?
b111 G
b111 N
b111 q
b10100110 )
b10 e
b10 g
b10 h
1i
b111 J
b111 M
b111 I
b111 L
b111 H
b111 K
1%
#1680000
0%
#1685000
b110 ?
b110 G
b110 N
b110 q
b110 J
b110 M
b110 I
b110 L
b110 H
b110 K
0i
1j
b1 e
b1 g
b1 h
b10100111 )
1%
#1690000
0%
#1695000
b101 ?
b101 G
b101 N
b101 q
b10101000 )
1:
b0 e
b0 g
b0 h
0j
1k
b101 J
b101 M
b101 I
b101 L
b101 H
b101 K
1%
#1700000
0%
#1705000
b100 ?
b100 G
b100 N
b100 q
b100 J
b100 M
b100 I
b100 L
b100 H
b100 K
0k
0:
b111 e
b111 g
b111 h
16
11
b0 O
b10101001 )
1%
#1710000
0%
#1715000
b11 ?
b11 G
b11 N
b11 q
b100 d
b100 f
b10101010 )
01
0/
1#
06
b101 e
b101 g
b101 h
b11 J
b11 M
b11 I
b11 L
b11 H
b11 K
1%
#1720000
0%
#1725000
b10 ?
b10 G
b10 N
b10 q
b10 J
b10 M
b10 I
b10 L
b10 H
b10 K
b100 e
b100 g
b100 h
b10101011 )
1%
#1730000
0%
#1735000
b1 ?
b1 G
b1 N
b1 q
b10101100 )
b11 e
b11 g
b11 h
b1 J
b1 M
b1 I
b1 L
b1 H
b1 K
1%
#1740000
0%
#1745000
19
b0 ?
b0 G
b0 N
b0 q
b0 J
b0 M
b0 I
b0 L
b0 H
b0 K
b10 e
b10 g
b10 h
b10101101 )
1%
#1750000
0%
#1755000
09
b111 ?
b111 G
b111 N
b111 q
b10101110 )
b1 e
b1 g
b1 h
1i
b111 J
b111 M
b111 I
b111 L
b111 H
b111 K
1%
#1760000
0%
#1765000
b110 ?
b110 G
b110 N
b110 q
b110 J
b110 M
b110 I
b110 L
b110 H
b110 K
0i
1j
1:
b0 e
b0 g
b0 h
b10101111 )
1%
#1770000
0%
#1775000
b101 ?
b101 G
b101 N
b101 q
b10110000 )
11
b1 O
0:
b111 e
b111 g
b111 h
0j
1k
b101 J
b101 M
b101 I
b101 L
b101 H
b101 K
1%
#1780000
0%
#1785000
b100 ?
b100 G
b100 N
b100 q
b101 d
b101 f
b100 J
b100 M
b100 I
b100 L
b100 H
b100 K
0k
b100 e
b100 g
b100 h
01
1/
0#
b10110001 )
1%
#1790000
0%
#1795000
b11 ?
b11 G
b11 N
b11 q
b10110010 )
b11 e
b11 g
b11 h
b11 J
b11 M
b11 I
b11 L
b11 H
b11 K
1%
#1800000
0%
#1805000
b10 ?
b10 G
b10 N
b10 q
b10 J
b10 M
b10 I
b10 L
b10 H
b10 K
b10 e
b10 g
b10 h
b10110011 )
1%
#1810000
0%
#1815000
b1 ?
b1 G
b1 N
b1 q
b10110100 )
b1 e
b1 g
b1 h
b1 J
b1 M
b1 I
b1 L
b1 H
b1 K
1%
#1820000
0%
#1825000
19
b0 ?
b0 G
b0 N
b0 q
b0 J
b0 M
b0 I
b0 L
b0 H
b0 K
1:
b0 e
b0 g
b0 h
b10110101 )
1%
#1830000
0%
#1835000
09
b111 ?
b111 G
b111 N
b111 q
b10110110 )
11
b10 O
0:
b111 e
b111 g
b111 h
1i
b111 J
b111 M
b111 I
b111 L
b111 H
b111 K
1%
#1840000
0%
#1845000
b110 ?
b110 G
b110 N
b110 q
b100 d
b100 f
b110 J
b110 M
b110 I
b110 L
b110 H
b110 K
0i
1j
b101 e
b101 g
b101 h
01
0/
1!
b10110111 )
1%
#1850000
0%
#1855000
b101 ?
b101 G
b101 N
b101 q
b10111000 )
b100 e
b100 g
b100 h
0j
1k
b101 J
b101 M
b101 I
b101 L
b101 H
b101 K
1%
#1860000
0%
#1865000
b100 ?
b100 G
b100 N
b100 q
b100 J
b100 M
b100 I
b100 L
b100 H
b100 K
0k
b11 e
b11 g
b11 h
b10111001 )
1%
#1870000
0%
#1875000
b11 ?
b11 G
b11 N
b11 q
b10111010 )
b10 e
b10 g
b10 h
b11 J
b11 M
b11 I
b11 L
b11 H
b11 K
1%
#1880000
0%
#1885000
b10 ?
b10 G
b10 N
b10 q
b10 J
b10 M
b10 I
b10 L
b10 H
b10 K
b1 e
b1 g
b1 h
b10111011 )
1%
#1890000
0%
#1895000
b1 ?
b1 G
b1 N
b1 q
b10111100 )
1:
b0 e
b0 g
b0 h
b1 J
b1 M
b1 I
b1 L
b1 H
b1 K
1%
#1900000
0%
#1905000
19
b0 ?
b0 G
b0 N
b0 q
b0 J
b0 M
b0 I
b0 L
b0 H
b0 K
0:
b111 e
b111 g
b111 h
11
b11 O
b10111101 )
1%
#1910000
0%
#1915000
09
b111 ?
b111 G
b111 N
b111 q
b101 d
b101 f
b10111110 )
01
1/
0!
b100 e
b100 g
b100 h
1i
b111 J
b111 M
b111 I
b111 L
b111 H
b111 K
1%
#1920000
0%
#1925000
b110 ?
b110 G
b110 N
b110 q
b110 J
b110 M
b110 I
b110 L
b110 H
b110 K
0i
1j
b11 e
b11 g
b11 h
b10111111 )
1%
#1930000
0%
#1935000
b101 ?
b101 G
b101 N
b101 q
b11000000 )
b10 e
b10 g
b10 h
0j
1k
b101 J
b101 M
b101 I
b101 L
b101 H
b101 K
1%
#1940000
0%
#1945000
b100 ?
b100 G
b100 N
b100 q
b100 J
b100 M
b100 I
b100 L
b100 H
b100 K
0k
b1 e
b1 g
b1 h
b11000001 )
1%
#1950000
0%
#1955000
b11 ?
b11 G
b11 N
b11 q
b11000010 )
1:
b0 e
b0 g
b0 h
b11 J
b11 M
b11 I
b11 L
b11 H
b11 K
1%
#1960000
0%
#1965000
b10 ?
b10 G
b10 N
b10 q
b10 J
b10 M
b10 I
b10 L
b10 H
b10 K
0:
b111 e
b111 g
b111 h
16
11
b0 O
b11000011 )
1%
#1970000
0%
#1975000
b1 ?
b1 G
b1 N
b1 q
b100 d
b100 f
b11000100 )
01
0/
1#
06
b101 e
b101 g
b101 h
b1 J
b1 M
b1 I
b1 L
b1 H
b1 K
1%
#1980000
0%
#1985000
19
b0 ?
b0 G
b0 N
b0 q
b0 J
b0 M
b0 I
b0 L
b0 H
b0 K
b100 e
b100 g
b100 h
b11000101 )
1%
#1990000
0%
#1995000
09
b111 ?
b111 G
b111 N
b111 q
b11000110 )
b11 e
b11 g
b11 h
1i
b111 J
b111 M
b111 I
b111 L
b111 H
b111 K
1%
#2000000
0%
#2005000
b110 ?
b110 G
b110 N
b110 q
b110 J
b110 M
b110 I
b110 L
b110 H
b110 K
0i
1j
b10 e
b10 g
b10 h
b11000111 )
1%
#2010000
0%
#2015000
b101 ?
b101 G
b101 N
b101 q
b11001000 )
b1 e
b1 g
b1 h
0j
1k
b101 J
b101 M
b101 I
b101 L
b101 H
b101 K
1%
#2020000
0%
#2025000
b100 ?
b100 G
b100 N
b100 q
b100 J
b100 M
b100 I
b100 L
b100 H
b100 K
0k
1:
b0 e
b0 g
b0 h
b11001001 )
1%
#2030000
0%
#2035000
b11 ?
b11 G
b11 N
b11 q
b11001010 )
11
b1 O
0:
b111 e
b111 g
b111 h
b11 J
b11 M
b11 I
b11 L
b11 H
b11 K
1%
#2040000
0%
#2045000
b10 ?
b10 G
b10 N
b10 q
b101 d
b101 f
b10 J
b10 M
b10 I
b10 L
b10 H
b10 K
b100 e
b100 g
b100 h
01
1/
0#
b11001011 )
1%
#2050000
0%
#2055000
b1 ?
b1 G
b1 N
b1 q
b11001100 )
b11 e
b11 g
b11 h
b1 J
b1 M
b1 I
b1 L
b1 H
b1 K
1%
#2060000
0%
#2065000
19
b0 ?
b0 G
b0 N
b0 q
b0 J
b0 M
b0 I
b0 L
b0 H
b0 K
b10 e
b10 g
b10 h
b11001101 )
1%
#2070000
0%
#2075000
09
b111 ?
b111 G
b111 N
b111 q
b11001110 )
b1 e
b1 g
b1 h
1i
b111 J
b111 M
b111 I
b111 L
b111 H
b111 K
1%
#2080000
0%
#2085000
b110 ?
b110 G
b110 N
b110 q
b110 J
b110 M
b110 I
b110 L
b110 H
b110 K
0i
1j
1:
b0 e
b0 g
b0 h
b11001111 )
1%
#2090000
0%
#2095000
b101 ?
b101 G
b101 N
b101 q
b11010000 )
11
b10 O
0:
b111 e
b111 g
b111 h
0j
1k
b101 J
b101 M
b101 I
b101 L
b101 H
b101 K
1%
#2100000
0%
#2105000
b100 ?
b100 G
b100 N
b100 q
b100 d
b100 f
b100 J
b100 M
b100 I
b100 L
b100 H
b100 K
0k
b101 e
b101 g
b101 h
01
0/
1!
b11010001 )
1%
#2110000
0%
#2115000
b11 ?
b11 G
b11 N
b11 q
b11010010 )
b100 e
b100 g
b100 h
b11 J
b11 M
b11 I
b11 L
b11 H
b11 K
1%
#2120000
0%
#2125000
b10 ?
b10 G
b10 N
b10 q
b10 J
b10 M
b10 I
b10 L
b10 H
b10 K
b11 e
b11 g
b11 h
b11010011 )
1%
#2130000
0%
#2135000
b1 ?
b1 G
b1 N
b1 q
b11010100 )
b10 e
b10 g
b10 h
b1 J
b1 M
b1 I
b1 L
b1 H
b1 K
1%
#2140000
0%
#2145000
19
b0 ?
b0 G
b0 N
b0 q
b0 J
b0 M
b0 I
b0 L
b0 H
b0 K
b1 e
b1 g
b1 h
b11010101 )
1%
#2150000
0%
#2155000
09
b111 ?
b111 G
b111 N
b111 q
b11010110 )
1:
b0 e
b0 g
b0 h
1i
b111 J
b111 M
b111 I
b111 L
b111 H
b111 K
1%
#2160000
0%
#2165000
b110 ?
b110 G
b110 N
b110 q
b110 J
b110 M
b110 I
b110 L
b110 H
b110 K
0i
1j
0:
b111 e
b111 g
b111 h
11
b11 O
b11010111 )
1%
#2170000
0%
#2175000
b101 ?
b101 G
b101 N
b101 q
b101 d
b101 f
b11011000 )
01
1/
0!
b100 e
b100 g
b100 h
0j
1k
b101 J
b101 M
b101 I
b101 L
b101 H
b101 K
1%
#2180000
0%
#2185000
b100 ?
b100 G
b100 N
b100 q
b100 J
b100 M
b100 I
b100 L
b100 H
b100 K
0k
b11 e
b11 g
b11 h
b11011001 )
1%
#2190000
0%
#2195000
b11 ?
b11 G
b11 N
b11 q
b11011010 )
b10 e
b10 g
b10 h
b11 J
b11 M
b11 I
b11 L
b11 H
b11 K
1%
#2200000
0%
#2205000
b10 ?
b10 G
b10 N
b10 q
b10 J
b10 M
b10 I
b10 L
b10 H
b10 K
b1 e
b1 g
b1 h
b11011011 )
1%
#2210000
0%
#2215000
b1 ?
b1 G
b1 N
b1 q
b11011100 )
1:
b0 e
b0 g
b0 h
b1 J
b1 M
b1 I
b1 L
b1 H
b1 K
1%
#2220000
0%
#2225000
19
b0 ?
b0 G
b0 N
b0 q
b0 J
b0 M
b0 I
b0 L
b0 H
b0 K
0:
b111 e
b111 g
b111 h
16
11
b0 O
b11011101 )
1%
#2230000
0%
#2235000
09
b111 ?
b111 G
b111 N
b111 q
b100 d
b100 f
b11011110 )
01
0/
1#
06
b101 e
b101 g
b101 h
1i
b111 J
b111 M
b111 I
b111 L
b111 H
b111 K
1%
#2240000
0%
#2245000
b110 ?
b110 G
b110 N
b110 q
b110 J
b110 M
b110 I
b110 L
b110 H
b110 K
0i
1j
b100 e
b100 g
b100 h
b11011111 )
1%
#2250000
0%
#2255000
b101 ?
b101 G
b101 N
b101 q
b11100000 )
b11 e
b11 g
b11 h
0j
1k
b101 J
b101 M
b101 I
b101 L
b101 H
b101 K
1%
#2260000
0%
#2265000
b100 ?
b100 G
b100 N
b100 q
b100 J
b100 M
b100 I
b100 L
b100 H
b100 K
0k
b10 e
b10 g
b10 h
b11100001 )
1%
#2270000
0%
#2275000
b11 ?
b11 G
b11 N
b11 q
b11100010 )
b1 e
b1 g
b1 h
b11 J
b11 M
b11 I
b11 L
b11 H
b11 K
1%
#2280000
0%
#2285000
b10 ?
b10 G
b10 N
b10 q
b10 J
b10 M
b10 I
b10 L
b10 H
b10 K
1:
b0 e
b0 g
b0 h
b11100011 )
1%
#2290000
0%
#2295000
b1 ?
b1 G
b1 N
b1 q
b11100100 )
11
b1 O
0:
b111 e
b111 g
b111 h
b1 J
b1 M
b1 I
b1 L
b1 H
b1 K
1%
#2300000
0%
#2305000
19
b0 ?
b0 G
b0 N
b0 q
b101 d
b101 f
b0 J
b0 M
b0 I
b0 L
b0 H
b0 K
b100 e
b100 g
b100 h
01
1/
0#
b11100101 )
1%
#2310000
0%
#2315000
09
b111 ?
b111 G
b111 N
b111 q
b11100110 )
b11 e
b11 g
b11 h
1i
b111 J
b111 M
b111 I
b111 L
b111 H
b111 K
1%
#2320000
0%
#2325000
b110 ?
b110 G
b110 N
b110 q
b110 J
b110 M
b110 I
b110 L
b110 H
b110 K
0i
1j
b10 e
b10 g
b10 h
b11100111 )
1%
#2330000
0%
#2335000
b101 ?
b101 G
b101 N
b101 q
b11101000 )
b1 e
b1 g
b1 h
0j
1k
b101 J
b101 M
b101 I
b101 L
b101 H
b101 K
1%
#2340000
0%
#2345000
b100 ?
b100 G
b100 N
b100 q
b100 J
b100 M
b100 I
b100 L
b100 H
b100 K
0k
1:
b0 e
b0 g
b0 h
b11101001 )
1%
#2350000
0%
#2355000
b11 ?
b11 G
b11 N
b11 q
b11101010 )
11
b10 O
0:
b111 e
b111 g
b111 h
b11 J
b11 M
b11 I
b11 L
b11 H
b11 K
1%
#2360000
0%
#2365000
b10 ?
b10 G
b10 N
b10 q
b100 d
b100 f
b10 J
b10 M
b10 I
b10 L
b10 H
b10 K
b101 e
b101 g
b101 h
01
0/
1!
b11101011 )
1%
#2370000
0%
#2375000
b1 ?
b1 G
b1 N
b1 q
b11101100 )
b100 e
b100 g
b100 h
b1 J
b1 M
b1 I
b1 L
b1 H
b1 K
1%
#2380000
0%
#2385000
19
b0 ?
b0 G
b0 N
b0 q
b0 J
b0 M
b0 I
b0 L
b0 H
b0 K
b11 e
b11 g
b11 h
b11101101 )
1%
#2390000
0%
#2395000
09
b111 ?
b111 G
b111 N
b111 q
b11101110 )
b10 e
b10 g
b10 h
1i
b111 J
b111 M
b111 I
b111 L
b111 H
b111 K
1%
#2400000
0%
#2405000
b110 ?
b110 G
b110 N
b110 q
b110 J
b110 M
b110 I
b110 L
b110 H
b110 K
0i
1j
b1 e
b1 g
b1 h
b11101111 )
1%
#2410000
0%
#2415000
b101 ?
b101 G
b101 N
b101 q
b11110000 )
1:
b0 e
b0 g
b0 h
0j
1k
b101 J
b101 M
b101 I
b101 L
b101 H
b101 K
1%
#2420000
0%
#2425000
b100 ?
b100 G
b100 N
b100 q
b100 J
b100 M
b100 I
b100 L
b100 H
b100 K
0k
0:
b111 e
b111 g
b111 h
11
b11 O
b11110001 )
1%
#2430000
0%
#2435000
b11 ?
b11 G
b11 N
b11 q
b101 d
b101 f
b11110010 )
01
1/
0!
b100 e
b100 g
b100 h
b11 J
b11 M
b11 I
b11 L
b11 H
b11 K
1%
#2440000
0%
#2445000
b10 ?
b10 G
b10 N
b10 q
b10 J
b10 M
b10 I
b10 L
b10 H
b10 K
b11 e
b11 g
b11 h
b11110011 )
1%
#2450000
0%
#2455000
b1 ?
b1 G
b1 N
b1 q
b11110100 )
b10 e
b10 g
b10 h
b1 J
b1 M
b1 I
b1 L
b1 H
b1 K
1%
#2460000
0%
#2465000
19
b0 ?
b0 G
b0 N
b0 q
b0 J
b0 M
b0 I
b0 L
b0 H
b0 K
b1 e
b1 g
b1 h
b11110101 )
1%
#2470000
0%
#2475000
09
b111 ?
b111 G
b111 N
b111 q
b11110110 )
1:
b0 e
b0 g
b0 h
1i
b111 J
b111 M
b111 I
b111 L
b111 H
b111 K
1%
#2480000
0%
#2485000
b110 ?
b110 G
b110 N
b110 q
b110 J
b110 M
b110 I
b110 L
b110 H
b110 K
0i
1j
0:
b111 e
b111 g
b111 h
16
11
b0 O
b11110111 )
1%
#2490000
0%
#2495000
b101 ?
b101 G
b101 N
b101 q
b100 d
b100 f
b11111000 )
01
0/
1#
06
b101 e
b101 g
b101 h
0j
1k
b101 J
b101 M
b101 I
b101 L
b101 H
b101 K
1%
#2500000
0%
#2505000
b100 ?
b100 G
b100 N
b100 q
b100 J
b100 M
b100 I
b100 L
b100 H
b100 K
0k
b100 e
b100 g
b100 h
b11111001 )
1%
#2510000
0%
#2515000
b11 ?
b11 G
b11 N
b11 q
b11111010 )
b11 e
b11 g
b11 h
b11 J
b11 M
b11 I
b11 L
b11 H
b11 K
1%
#2520000
0%
#2525000
b10 ?
b10 G
b10 N
b10 q
b10 J
b10 M
b10 I
b10 L
b10 H
b10 K
b10 e
b10 g
b10 h
b11111011 )
1%
#2530000
0%
#2535000
b1 ?
b1 G
b1 N
b1 q
b11111100 )
b1 e
b1 g
b1 h
b1 J
b1 M
b1 I
b1 L
b1 H
b1 K
1%
#2540000
0%
#2545000
19
b0 ?
b0 G
b0 N
b0 q
b0 J
b0 M
b0 I
b0 L
b0 H
b0 K
1:
b0 e
b0 g
b0 h
b11111101 )
1%
#2550000
0%
#2555000
09
b111 ?
b111 G
b111 N
b111 q
b11111110 )
11
b1 O
0:
b111 e
b111 g
b111 h
1i
b111 J
b111 M
b111 I
b111 L
b111 H
b111 K
1%
#2560000
0%
#2565000
b110 ?
b110 G
b110 N
b110 q
b101 d
b101 f
b110 J
b110 M
b110 I
b110 L
b110 H
b110 K
0i
1j
b100 e
b100 g
b100 h
01
1/
0#
b11111111 )
1%
#2570000
0%
#2575000
b101 ?
b101 G
b101 N
b101 q
b100000000 )
b11 e
b11 g
b11 h
0j
1k
b101 J
b101 M
b101 I
b101 L
b101 H
b101 K
1%
#2580000
0%
#2585000
b100 ?
b100 G
b100 N
b100 q
b100 J
b100 M
b100 I
b100 L
b100 H
b100 K
0k
b10 e
b10 g
b10 h
b100000001 )
1%
#2590000
0%
#2595000
b11 ?
b11 G
b11 N
b11 q
b100000010 )
b1 e
b1 g
b1 h
b11 J
b11 M
b11 I
b11 L
b11 H
b11 K
1%
#2600000
0%
#2605000
b10 ?
b10 G
b10 N
b10 q
b10 J
b10 M
b10 I
b10 L
b10 H
b10 K
1:
b0 e
b0 g
b0 h
b100000011 )
1%
#2610000
0%
#2615000
b1 ?
b1 G
b1 N
b1 q
b100000100 )
11
b10 O
0:
b111 e
b111 g
b111 h
b1 J
b1 M
b1 I
b1 L
b1 H
b1 K
1%
#2620000
0%
#2625000
19
b0 ?
b0 G
b0 N
b0 q
b100 d
b100 f
b0 J
b0 M
b0 I
b0 L
b0 H
b0 K
b101 e
b101 g
b101 h
01
0/
1!
b100000101 )
1%
#2630000
0%
#2635000
09
b111 ?
b111 G
b111 N
b111 q
b100000110 )
b100 e
b100 g
b100 h
1i
b111 J
b111 M
b111 I
b111 L
b111 H
b111 K
1%
#2640000
0%
#2645000
b110 ?
b110 G
b110 N
b110 q
b110 J
b110 M
b110 I
b110 L
b110 H
b110 K
0i
1j
b11 e
b11 g
b11 h
b100000111 )
1%
#2650000
0%
#2655000
b101 ?
b101 G
b101 N
b101 q
b100001000 )
b10 e
b10 g
b10 h
0j
1k
b101 J
b101 M
b101 I
b101 L
b101 H
b101 K
1%
#2660000
0%
#2665000
b100 ?
b100 G
b100 N
b100 q
b100 J
b100 M
b100 I
b100 L
b100 H
b100 K
0k
b1 e
b1 g
b1 h
b100001001 )
1%
#2670000
0%
#2675000
b11 ?
b11 G
b11 N
b11 q
b100001010 )
1:
b0 e
b0 g
b0 h
b11 J
b11 M
b11 I
b11 L
b11 H
b11 K
1%
#2680000
0%
#2685000
b10 ?
b10 G
b10 N
b10 q
b10 J
b10 M
b10 I
b10 L
b10 H
b10 K
0:
b111 e
b111 g
b111 h
11
b11 O
b100001011 )
1%
#2690000
0%
#2695000
b1 ?
b1 G
b1 N
b1 q
b101 d
b101 f
b100001100 )
01
1/
0!
b100 e
b100 g
b100 h
b1 J
b1 M
b1 I
b1 L
b1 H
b1 K
1%
#2700000
0%
#2705000
19
b0 ?
b0 G
b0 N
b0 q
b0 J
b0 M
b0 I
b0 L
b0 H
b0 K
b11 e
b11 g
b11 h
b100001101 )
1%
#2710000
0%
#2715000
09
b111 ?
b111 G
b111 N
b111 q
b100001110 )
b10 e
b10 g
b10 h
1i
b111 J
b111 M
b111 I
b111 L
b111 H
b111 K
1%
#2720000
0%
#2725000
b110 ?
b110 G
b110 N
b110 q
b110 J
b110 M
b110 I
b110 L
b110 H
b110 K
0i
1j
b1 e
b1 g
b1 h
b100001111 )
1%
#2730000
0%
#2735000
b101 ?
b101 G
b101 N
b101 q
b100010000 )
1:
b0 e
b0 g
b0 h
0j
1k
b101 J
b101 M
b101 I
b101 L
b101 H
b101 K
1%
#2740000
0%
#2745000
b100 ?
b100 G
b100 N
b100 q
b100 J
b100 M
b100 I
b100 L
b100 H
b100 K
0k
0:
b111 e
b111 g
b111 h
16
11
b0 O
b100010001 )
1%
#2750000
0%
#2755000
b11 ?
b11 G
b11 N
b11 q
b100 d
b100 f
b100010010 )
01
0/
1#
06
b101 e
b101 g
b101 h
b11 J
b11 M
b11 I
b11 L
b11 H
b11 K
1%
#2760000
0%
#2765000
b10 ?
b10 G
b10 N
b10 q
b10 J
b10 M
b10 I
b10 L
b10 H
b10 K
b100 e
b100 g
b100 h
b100010011 )
1%
#2770000
0%
#2775000
b1 ?
b1 G
b1 N
b1 q
b100010100 )
b11 e
b11 g
b11 h
b1 J
b1 M
b1 I
b1 L
b1 H
b1 K
1%
#2780000
0%
#2785000
19
b0 ?
b0 G
b0 N
b0 q
b0 J
b0 M
b0 I
b0 L
b0 H
b0 K
b10 e
b10 g
b10 h
b100010101 )
1%
#2790000
0%
#2795000
09
b111 ?
b111 G
b111 N
b111 q
b100010110 )
b1 e
b1 g
b1 h
1i
b111 J
b111 M
b111 I
b111 L
b111 H
b111 K
1%
#2800000
0%
#2805000
b110 ?
b110 G
b110 N
b110 q
b110 J
b110 M
b110 I
b110 L
b110 H
b110 K
0i
1j
1:
b0 e
b0 g
b0 h
b100010111 )
1%
#2810000
0%
#2815000
b101 ?
b101 G
b101 N
b101 q
b100011000 )
11
b1 O
0:
b111 e
b111 g
b111 h
0j
1k
b101 J
b101 M
b101 I
b101 L
b101 H
b101 K
1%
#2820000
0%
#2825000
b100 ?
b100 G
b100 N
b100 q
b101 d
b101 f
b100 J
b100 M
b100 I
b100 L
b100 H
b100 K
0k
b100 e
b100 g
b100 h
01
1/
0#
b100011001 )
1%
#2830000
0%
#2835000
b11 ?
b11 G
b11 N
b11 q
b100011010 )
b11 e
b11 g
b11 h
b11 J
b11 M
b11 I
b11 L
b11 H
b11 K
1%
#2840000
0%
#2845000
b10 ?
b10 G
b10 N
b10 q
b10 J
b10 M
b10 I
b10 L
b10 H
b10 K
b10 e
b10 g
b10 h
b100011011 )
1%
#2850000
0%
#2855000
b1 ?
b1 G
b1 N
b1 q
b100011100 )
b1 e
b1 g
b1 h
b1 J
b1 M
b1 I
b1 L
b1 H
b1 K
1%
#2860000
0%
#2865000
19
b0 ?
b0 G
b0 N
b0 q
b0 J
b0 M
b0 I
b0 L
b0 H
b0 K
1:
b0 e
b0 g
b0 h
b100011101 )
1%
#2870000
0%
#2875000
09
b111 ?
b111 G
b111 N
b111 q
b100011110 )
11
b10 O
0:
b111 e
b111 g
b111 h
1i
b111 J
b111 M
b111 I
b111 L
b111 H
b111 K
1%
#2880000
0%
#2885000
b110 ?
b110 G
b110 N
b110 q
b100 d
b100 f
b110 J
b110 M
b110 I
b110 L
b110 H
b110 K
0i
1j
b101 e
b101 g
b101 h
01
0/
1!
b100011111 )
1%
#2890000
0%
#2895000
b101 ?
b101 G
b101 N
b101 q
b100100000 )
b100 e
b100 g
b100 h
0j
1k
b101 J
b101 M
b101 I
b101 L
b101 H
b101 K
1%
#2900000
0%
#2905000
b100 ?
b100 G
b100 N
b100 q
b100 J
b100 M
b100 I
b100 L
b100 H
b100 K
0k
b11 e
b11 g
b11 h
b100100001 )
1%
#2910000
0%
#2915000
b11 ?
b11 G
b11 N
b11 q
b100100010 )
b10 e
b10 g
b10 h
b11 J
b11 M
b11 I
b11 L
b11 H
b11 K
1%
#2920000
0%
#2925000
b10 ?
b10 G
b10 N
b10 q
b10 J
b10 M
b10 I
b10 L
b10 H
b10 K
b1 e
b1 g
b1 h
b100100011 )
1%
#2930000
0%
#2935000
b1 ?
b1 G
b1 N
b1 q
b100100100 )
1:
b0 e
b0 g
b0 h
b1 J
b1 M
b1 I
b1 L
b1 H
b1 K
1%
#2940000
0%
#2945000
19
b0 ?
b0 G
b0 N
b0 q
b0 J
b0 M
b0 I
b0 L
b0 H
b0 K
0:
b111 e
b111 g
b111 h
11
b11 O
b100100101 )
1%
#2950000
0%
#2955000
09
b111 ?
b111 G
b111 N
b111 q
b101 d
b101 f
b100100110 )
01
1/
0!
b100 e
b100 g
b100 h
1i
b111 J
b111 M
b111 I
b111 L
b111 H
b111 K
1%
#2960000
0%
#2965000
b110 ?
b110 G
b110 N
b110 q
b110 J
b110 M
b110 I
b110 L
b110 H
b110 K
0i
1j
b11 e
b11 g
b11 h
b100100111 )
1%
#2970000
0%
#2975000
b101 ?
b101 G
b101 N
b101 q
b100101000 )
b10 e
b10 g
b10 h
0j
1k
b101 J
b101 M
b101 I
b101 L
b101 H
b101 K
1%
#2980000
0%
#2985000
b100 ?
b100 G
b100 N
b100 q
b100 J
b100 M
b100 I
b100 L
b100 H
b100 K
0k
b1 e
b1 g
b1 h
b100101001 )
1%
#2990000
0%
#2995000
b11 ?
b11 G
b11 N
b11 q
b100101010 )
1:
b0 e
b0 g
b0 h
b11 J
b11 M
b11 I
b11 L
b11 H
b11 K
1%
#3000000
0%
#3005000
b10 ?
b10 G
b10 N
b10 q
b10 J
b10 M
b10 I
b10 L
b10 H
b10 K
0:
b111 e
b111 g
b111 h
16
11
b0 O
b100101011 )
1%
#3010000
0%
#3015000
b1 ?
b1 G
b1 N
b1 q
b100 d
b100 f
b100101100 )
01
0/
1#
06
b101 e
b101 g
b101 h
b1 J
b1 M
b1 I
b1 L
b1 H
b1 K
1%
#3020000
0%
#3025000
19
b0 ?
b0 G
b0 N
b0 q
b0 J
b0 M
b0 I
b0 L
b0 H
b0 K
b100 e
b100 g
b100 h
b100101101 )
1%
#3030000
0%
#3035000
09
b111 ?
b111 G
b111 N
b111 q
b100101110 )
b11 e
b11 g
b11 h
1i
b111 J
b111 M
b111 I
b111 L
b111 H
b111 K
1%
#3040000
0%
#3045000
b110 ?
b110 G
b110 N
b110 q
b110 J
b110 M
b110 I
b110 L
b110 H
b110 K
0i
1j
b10 e
b10 g
b10 h
b100101111 )
1%
#3050000
0%
#3055000
b101 ?
b101 G
b101 N
b101 q
b100110000 )
b1 e
b1 g
b1 h
0j
1k
b101 J
b101 M
b101 I
b101 L
b101 H
b101 K
1%
#3060000
0%
#3065000
b100 ?
b100 G
b100 N
b100 q
b100 J
b100 M
b100 I
b100 L
b100 H
b100 K
0k
1:
b0 e
b0 g
b0 h
b100110001 )
1%
#3070000
0%
#3075000
b11 ?
b11 G
b11 N
b11 q
b100110010 )
11
b1 O
0:
b111 e
b111 g
b111 h
b11 J
b11 M
b11 I
b11 L
b11 H
b11 K
1%
#3080000
0%
#3085000
b10 ?
b10 G
b10 N
b10 q
b101 d
b101 f
b10 J
b10 M
b10 I
b10 L
b10 H
b10 K
b100 e
b100 g
b100 h
01
1/
0#
b100110011 )
1%
#3090000
0%
#3095000
b1 ?
b1 G
b1 N
b1 q
b100110100 )
b11 e
b11 g
b11 h
b1 J
b1 M
b1 I
b1 L
b1 H
b1 K
1%
#3100000
0%
#3105000
19
b0 ?
b0 G
b0 N
b0 q
b0 J
b0 M
b0 I
b0 L
b0 H
b0 K
b10 e
b10 g
b10 h
b100110101 )
1%
#3110000
0%
#3115000
09
b111 ?
b111 G
b111 N
b111 q
b100110110 )
b1 e
b1 g
b1 h
1i
b111 J
b111 M
b111 I
b111 L
b111 H
b111 K
1%
#3120000
0%
#3125000
b110 ?
b110 G
b110 N
b110 q
b110 J
b110 M
b110 I
b110 L
b110 H
b110 K
0i
1j
1:
b0 e
b0 g
b0 h
b100110111 )
1%
#3130000
0%
#3135000
b101 ?
b101 G
b101 N
b101 q
b100111000 )
11
b10 O
0:
b111 e
b111 g
b111 h
0j
1k
b101 J
b101 M
b101 I
b101 L
b101 H
b101 K
1%
#3140000
0%
#3145000
b100 ?
b100 G
b100 N
b100 q
b100 d
b100 f
b100 J
b100 M
b100 I
b100 L
b100 H
b100 K
0k
b101 e
b101 g
b101 h
01
0/
1!
b100111001 )
1%
#3150000
0%
#3155000
b11 ?
b11 G
b11 N
b11 q
b100111010 )
b100 e
b100 g
b100 h
b11 J
b11 M
b11 I
b11 L
b11 H
b11 K
1%
#3160000
0%
#3165000
b10 ?
b10 G
b10 N
b10 q
b10 J
b10 M
b10 I
b10 L
b10 H
b10 K
b11 e
b11 g
b11 h
b100111011 )
1%
#3170000
0%
#3175000
b1 ?
b1 G
b1 N
b1 q
b100111100 )
b10 e
b10 g
b10 h
b1 J
b1 M
b1 I
b1 L
b1 H
b1 K
1%
#3180000
0%
#3185000
19
b0 ?
b0 G
b0 N
b0 q
b0 J
b0 M
b0 I
b0 L
b0 H
b0 K
b1 e
b1 g
b1 h
b100111101 )
1%
#3190000
0%
#3195000
09
b111 ?
b111 G
b111 N
b111 q
b100111110 )
1:
b0 e
b0 g
b0 h
1i
b111 J
b111 M
b111 I
b111 L
b111 H
b111 K
1%
#3200000
0%
#3205000
b110 ?
b110 G
b110 N
b110 q
b110 J
b110 M
b110 I
b110 L
b110 H
b110 K
0i
1j
0:
b111 e
b111 g
b111 h
11
b11 O
b100111111 )
1%
#3210000
0%
#3215000
b101 ?
b101 G
b101 N
b101 q
b101 d
b101 f
b101000000 )
01
1/
0!
b100 e
b100 g
b100 h
0j
1k
b101 J
b101 M
b101 I
b101 L
b101 H
b101 K
1%
#3220000
0%
#3225000
b100 ?
b100 G
b100 N
b100 q
b100 J
b100 M
b100 I
b100 L
b100 H
b100 K
0k
b11 e
b11 g
b11 h
b101000001 )
1%
#3230000
0%
#3235000
b11 ?
b11 G
b11 N
b11 q
b101000010 )
b10 e
b10 g
b10 h
b11 J
b11 M
b11 I
b11 L
b11 H
b11 K
1%
#3240000
0%
#3245000
b10 ?
b10 G
b10 N
b10 q
b10 J
b10 M
b10 I
b10 L
b10 H
b10 K
b1 e
b1 g
b1 h
b101000011 )
1%
#3250000
0%
#3255000
b1 ?
b1 G
b1 N
b1 q
b101000100 )
1:
b0 e
b0 g
b0 h
b1 J
b1 M
b1 I
b1 L
b1 H
b1 K
1%
#3260000
0%
#3265000
19
b0 ?
b0 G
b0 N
b0 q
b0 J
b0 M
b0 I
b0 L
b0 H
b0 K
0:
b111 e
b111 g
b111 h
16
11
b0 O
b101000101 )
1%
#3270000
0%
#3275000
09
b111 ?
b111 G
b111 N
b111 q
b100 d
b100 f
b101000110 )
01
0/
1#
06
b101 e
b101 g
b101 h
1i
b111 J
b111 M
b111 I
b111 L
b111 H
b111 K
1%
#3280000
0%
#3285000
b110 ?
b110 G
b110 N
b110 q
b110 J
b110 M
b110 I
b110 L
b110 H
b110 K
0i
1j
b100 e
b100 g
b100 h
b101000111 )
1%
#3290000
0%
#3295000
b101 ?
b101 G
b101 N
b101 q
b101001000 )
b11 e
b11 g
b11 h
0j
1k
b101 J
b101 M
b101 I
b101 L
b101 H
b101 K
1%
#3300000
0%
#3305000
b100 ?
b100 G
b100 N
b100 q
b100 J
b100 M
b100 I
b100 L
b100 H
b100 K
0k
b10 e
b10 g
b10 h
b101001001 )
1%
#3310000
0%
#3315000
b11 ?
b11 G
b11 N
b11 q
b101001010 )
b1 e
b1 g
b1 h
b11 J
b11 M
b11 I
b11 L
b11 H
b11 K
1%
#3320000
0%
#3325000
b10 ?
b10 G
b10 N
b10 q
b10 J
b10 M
b10 I
b10 L
b10 H
b10 K
1:
b0 e
b0 g
b0 h
b101001011 )
1%
#3330000
0%
#3335000
b1 ?
b1 G
b1 N
b1 q
b101001100 )
11
b1 O
0:
b111 e
b111 g
b111 h
b1 J
b1 M
b1 I
b1 L
b1 H
b1 K
1%
#3340000
0%
#3345000
19
b0 ?
b0 G
b0 N
b0 q
b101 d
b101 f
b0 J
b0 M
b0 I
b0 L
b0 H
b0 K
b100 e
b100 g
b100 h
01
1/
0#
b101001101 )
1%
#3350000
0%
#3355000
09
b111 ?
b111 G
b111 N
b111 q
b101001110 )
b11 e
b11 g
b11 h
1i
b111 J
b111 M
b111 I
b111 L
b111 H
b111 K
1%
#3360000
0%
#3365000
b110 ?
b110 G
b110 N
b110 q
b110 J
b110 M
b110 I
b110 L
b110 H
b110 K
0i
1j
b10 e
b10 g
b10 h
b101001111 )
1%
#3370000
0%
#3375000
b101 ?
b101 G
b101 N
b101 q
b101010000 )
b1 e
b1 g
b1 h
0j
1k
b101 J
b101 M
b101 I
b101 L
b101 H
b101 K
1%
#3380000
0%
#3385000
b100 ?
b100 G
b100 N
b100 q
b100 J
b100 M
b100 I
b100 L
b100 H
b100 K
0k
1:
b0 e
b0 g
b0 h
b101010001 )
1%
#3390000
0%
#3395000
b11 ?
b11 G
b11 N
b11 q
b101010010 )
11
b10 O
0:
b111 e
b111 g
b111 h
b11 J
b11 M
b11 I
b11 L
b11 H
b11 K
1%
#3400000
0%
#3405000
b10 ?
b10 G
b10 N
b10 q
b100 d
b100 f
b10 J
b10 M
b10 I
b10 L
b10 H
b10 K
b101 e
b101 g
b101 h
01
0/
1!
b101010011 )
1%
#3410000
0%
#3415000
b1 ?
b1 G
b1 N
b1 q
b101010100 )
b100 e
b100 g
b100 h
b1 J
b1 M
b1 I
b1 L
b1 H
b1 K
1%
#3420000
0%
#3425000
19
b0 ?
b0 G
b0 N
b0 q
b0 J
b0 M
b0 I
b0 L
b0 H
b0 K
b11 e
b11 g
b11 h
b101010101 )
1%
#3430000
0%
#3435000
09
b111 ?
b111 G
b111 N
b111 q
b101010110 )
b10 e
b10 g
b10 h
1i
b111 J
b111 M
b111 I
b111 L
b111 H
b111 K
1%
#3440000
0%
#3445000
b110 ?
b110 G
b110 N
b110 q
b110 J
b110 M
b110 I
b110 L
b110 H
b110 K
0i
1j
b1 e
b1 g
b1 h
b101010111 )
1%
#3450000
0%
#3455000
b101 ?
b101 G
b101 N
b101 q
b101011000 )
1:
b0 e
b0 g
b0 h
0j
1k
b101 J
b101 M
b101 I
b101 L
b101 H
b101 K
1%
#3460000
0%
#3465000
b100 ?
b100 G
b100 N
b100 q
b100 J
b100 M
b100 I
b100 L
b100 H
b100 K
0k
0:
b111 e
b111 g
b111 h
11
b11 O
b101011001 )
1%
#3470000
0%
#3475000
b11 ?
b11 G
b11 N
b11 q
b101 d
b101 f
b101011010 )
01
1/
0!
b100 e
b100 g
b100 h
b11 J
b11 M
b11 I
b11 L
b11 H
b11 K
1%
#3480000
0%
#3485000
b10 ?
b10 G
b10 N
b10 q
b10 J
b10 M
b10 I
b10 L
b10 H
b10 K
b11 e
b11 g
b11 h
b101011011 )
1%
#3490000
0%
#3495000
b1 ?
b1 G
b1 N
b1 q
b101011100 )
b10 e
b10 g
b10 h
b1 J
b1 M
b1 I
b1 L
b1 H
b1 K
1%
#3500000
0%
#3505000
19
b0 ?
b0 G
b0 N
b0 q
b0 J
b0 M
b0 I
b0 L
b0 H
b0 K
b1 e
b1 g
b1 h
b101011101 )
1%
#3510000
0%
#3515000
09
b111 ?
b111 G
b111 N
b111 q
b101011110 )
1:
b0 e
b0 g
b0 h
1i
b111 J
b111 M
b111 I
b111 L
b111 H
b111 K
1%
#3520000
0%
#3525000
b110 ?
b110 G
b110 N
b110 q
b110 J
b110 M
b110 I
b110 L
b110 H
b110 K
0i
1j
0:
b111 e
b111 g
b111 h
16
11
b0 O
b101011111 )
1%
#3530000
0%
#3535000
b101 ?
b101 G
b101 N
b101 q
b100 d
b100 f
b101100000 )
01
0/
1#
06
b101 e
b101 g
b101 h
0j
1k
b101 J
b101 M
b101 I
b101 L
b101 H
b101 K
1%
#3540000
0%
#3545000
b100 ?
b100 G
b100 N
b100 q
b100 J
b100 M
b100 I
b100 L
b100 H
b100 K
0k
b100 e
b100 g
b100 h
b101100001 )
1%
#3550000
0%
#3555000
b11 ?
b11 G
b11 N
b11 q
b101100010 )
b11 e
b11 g
b11 h
b11 J
b11 M
b11 I
b11 L
b11 H
b11 K
1%
#3560000
0%
#3565000
b10 ?
b10 G
b10 N
b10 q
b10 J
b10 M
b10 I
b10 L
b10 H
b10 K
b10 e
b10 g
b10 h
b101100011 )
1%
#3570000
0%
#3575000
b1 ?
b1 G
b1 N
b1 q
b101100100 )
b1 e
b1 g
b1 h
b1 J
b1 M
b1 I
b1 L
b1 H
b1 K
1%
#3580000
0%
#3585000
19
b0 ?
b0 G
b0 N
b0 q
b0 J
b0 M
b0 I
b0 L
b0 H
b0 K
1:
b0 e
b0 g
b0 h
b101100101 )
1%
#3590000
0%
#3595000
09
b111 ?
b111 G
b111 N
b111 q
b101100110 )
11
b1 O
0:
b111 e
b111 g
b111 h
1i
b111 J
b111 M
b111 I
b111 L
b111 H
b111 K
1%
#3600000
0%
#3605000
b110 ?
b110 G
b110 N
b110 q
b101 d
b101 f
b110 J
b110 M
b110 I
b110 L
b110 H
b110 K
0i
1j
b100 e
b100 g
b100 h
01
1/
0#
b101100111 )
1%
#3610000
0%
#3615000
b101 ?
b101 G
b101 N
b101 q
b101101000 )
b11 e
b11 g
b11 h
0j
1k
b101 J
b101 M
b101 I
b101 L
b101 H
b101 K
1%
#3620000
0%
#3625000
b100 ?
b100 G
b100 N
b100 q
b100 J
b100 M
b100 I
b100 L
b100 H
b100 K
0k
b10 e
b10 g
b10 h
b101101001 )
1%
#3630000
0%
#3635000
b11 ?
b11 G
b11 N
b11 q
b101101010 )
b1 e
b1 g
b1 h
b11 J
b11 M
b11 I
b11 L
b11 H
b11 K
1%
#3640000
0%
#3645000
b10 ?
b10 G
b10 N
b10 q
b10 J
b10 M
b10 I
b10 L
b10 H
b10 K
1:
b0 e
b0 g
b0 h
b101101011 )
1%
#3650000
0%
#3655000
b1 ?
b1 G
b1 N
b1 q
b101101100 )
11
b10 O
0:
b111 e
b111 g
b111 h
b1 J
b1 M
b1 I
b1 L
b1 H
b1 K
1%
#3660000
0%
#3665000
19
b0 ?
b0 G
b0 N
b0 q
b100 d
b100 f
b0 J
b0 M
b0 I
b0 L
b0 H
b0 K
b101 e
b101 g
b101 h
01
0/
1!
b101101101 )
1%
#3670000
0%
#3675000
09
b111 ?
b111 G
b111 N
b111 q
b101101110 )
b100 e
b100 g
b100 h
1i
b111 J
b111 M
b111 I
b111 L
b111 H
b111 K
1%
#3680000
0%
#3685000
b110 ?
b110 G
b110 N
b110 q
b110 J
b110 M
b110 I
b110 L
b110 H
b110 K
0i
1j
b11 e
b11 g
b11 h
b101101111 )
1%
#3690000
0%
#3695000
b101 ?
b101 G
b101 N
b101 q
b101110000 )
b10 e
b10 g
b10 h
0j
1k
b101 J
b101 M
b101 I
b101 L
b101 H
b101 K
1%
#3700000
0%
#3705000
b100 ?
b100 G
b100 N
b100 q
b100 J
b100 M
b100 I
b100 L
b100 H
b100 K
0k
b1 e
b1 g
b1 h
b101110001 )
1%
#3710000
0%
#3715000
b11 ?
b11 G
b11 N
b11 q
b101110010 )
1:
b0 e
b0 g
b0 h
b11 J
b11 M
b11 I
b11 L
b11 H
b11 K
1%
#3720000
0%
#3725000
b10 ?
b10 G
b10 N
b10 q
b10 J
b10 M
b10 I
b10 L
b10 H
b10 K
0:
b111 e
b111 g
b111 h
11
b11 O
b101110011 )
1%
#3730000
0%
#3735000
b1 ?
b1 G
b1 N
b1 q
b101 d
b101 f
b101110100 )
01
1/
0!
b100 e
b100 g
b100 h
b1 J
b1 M
b1 I
b1 L
b1 H
b1 K
1%
#3740000
0%
#3745000
19
b0 ?
b0 G
b0 N
b0 q
b0 J
b0 M
b0 I
b0 L
b0 H
b0 K
b11 e
b11 g
b11 h
b101110101 )
1%
#3750000
0%
#3755000
09
b111 ?
b111 G
b111 N
b111 q
b101110110 )
b10 e
b10 g
b10 h
1i
b111 J
b111 M
b111 I
b111 L
b111 H
b111 K
1%
#3760000
0%
#3765000
b110 ?
b110 G
b110 N
b110 q
b110 J
b110 M
b110 I
b110 L
b110 H
b110 K
0i
1j
b1 e
b1 g
b1 h
b101110111 )
1%
#3770000
0%
#3775000
b101 ?
b101 G
b101 N
b101 q
b101111000 )
1:
b0 e
b0 g
b0 h
0j
1k
b101 J
b101 M
b101 I
b101 L
b101 H
b101 K
1%
#3780000
0%
#3785000
b100 ?
b100 G
b100 N
b100 q
b100 J
b100 M
b100 I
b100 L
b100 H
b100 K
0k
0:
b111 e
b111 g
b111 h
16
11
b0 O
b101111001 )
1%
#3790000
0%
#3795000
b11 ?
b11 G
b11 N
b11 q
b100 d
b100 f
b101111010 )
01
0/
1#
06
b101 e
b101 g
b101 h
b11 J
b11 M
b11 I
b11 L
b11 H
b11 K
1%
#3800000
0%
#3805000
b10 ?
b10 G
b10 N
b10 q
b10 J
b10 M
b10 I
b10 L
b10 H
b10 K
b100 e
b100 g
b100 h
b101111011 )
1%
#3810000
0%
#3815000
b1 ?
b1 G
b1 N
b1 q
b101111100 )
b11 e
b11 g
b11 h
b1 J
b1 M
b1 I
b1 L
b1 H
b1 K
1%
#3820000
0%
#3825000
19
b0 ?
b0 G
b0 N
b0 q
b0 J
b0 M
b0 I
b0 L
b0 H
b0 K
b10 e
b10 g
b10 h
b101111101 )
1%
#3830000
0%
#3835000
09
b111 ?
b111 G
b111 N
b111 q
b101111110 )
b1 e
b1 g
b1 h
1i
b111 J
b111 M
b111 I
b111 L
b111 H
b111 K
1%
#3840000
0%
#3845000
b110 ?
b110 G
b110 N
b110 q
b110 J
b110 M
b110 I
b110 L
b110 H
b110 K
0i
1j
1:
b0 e
b0 g
b0 h
b101111111 )
1%
#3850000
0%
#3855000
b101 ?
b101 G
b101 N
b101 q
b110000000 )
11
b1 O
0:
b111 e
b111 g
b111 h
0j
1k
b101 J
b101 M
b101 I
b101 L
b101 H
b101 K
1%
#3860000
0%
#3865000
b100 ?
b100 G
b100 N
b100 q
b101 d
b101 f
b100 J
b100 M
b100 I
b100 L
b100 H
b100 K
0k
b100 e
b100 g
b100 h
01
1/
0#
b110000001 )
1%
#3870000
0%
#3875000
b11 ?
b11 G
b11 N
b11 q
b110000010 )
b11 e
b11 g
b11 h
b11 J
b11 M
b11 I
b11 L
b11 H
b11 K
1%
#3880000
0%
#3885000
b10 ?
b10 G
b10 N
b10 q
b10 J
b10 M
b10 I
b10 L
b10 H
b10 K
b10 e
b10 g
b10 h
b110000011 )
1%
#3890000
0%
#3895000
b1 ?
b1 G
b1 N
b1 q
b110000100 )
b1 e
b1 g
b1 h
b1 J
b1 M
b1 I
b1 L
b1 H
b1 K
1%
#3900000
0%
#3905000
19
b0 ?
b0 G
b0 N
b0 q
b0 J
b0 M
b0 I
b0 L
b0 H
b0 K
1:
b0 e
b0 g
b0 h
b110000101 )
1%
#3910000
0%
#3915000
09
b111 ?
b111 G
b111 N
b111 q
b110000110 )
11
b10 O
0:
b111 e
b111 g
b111 h
1i
b111 J
b111 M
b111 I
b111 L
b111 H
b111 K
1%
#3920000
0%
#3925000
b110 ?
b110 G
b110 N
b110 q
b100 d
b100 f
b110 J
b110 M
b110 I
b110 L
b110 H
b110 K
0i
1j
b101 e
b101 g
b101 h
01
0/
1!
b110000111 )
1%
#3930000
0%
#3935000
b101 ?
b101 G
b101 N
b101 q
b110001000 )
b100 e
b100 g
b100 h
0j
1k
b101 J
b101 M
b101 I
b101 L
b101 H
b101 K
1%
#3940000
0%
#3945000
b100 ?
b100 G
b100 N
b100 q
b100 J
b100 M
b100 I
b100 L
b100 H
b100 K
0k
b11 e
b11 g
b11 h
b110001001 )
1%
#3950000
0%
#3955000
b11 ?
b11 G
b11 N
b11 q
b110001010 )
b10 e
b10 g
b10 h
b11 J
b11 M
b11 I
b11 L
b11 H
b11 K
1%
#3960000
0%
#3965000
b10 ?
b10 G
b10 N
b10 q
b10 J
b10 M
b10 I
b10 L
b10 H
b10 K
b1 e
b1 g
b1 h
b110001011 )
1%
#3970000
0%
#3975000
b1 ?
b1 G
b1 N
b1 q
b110001100 )
1:
b0 e
b0 g
b0 h
b1 J
b1 M
b1 I
b1 L
b1 H
b1 K
1%
#3980000
0%
#3985000
19
b0 ?
b0 G
b0 N
b0 q
b0 J
b0 M
b0 I
b0 L
b0 H
b0 K
0:
b111 e
b111 g
b111 h
11
b11 O
b110001101 )
1%
#3990000
0%
#3995000
09
b111 ?
b111 G
b111 N
b111 q
b101 d
b101 f
b110001110 )
01
1/
0!
b100 e
b100 g
b100 h
1i
b111 J
b111 M
b111 I
b111 L
b111 H
b111 K
1%
#4000000
0%
#4005000
b110 ?
b110 G
b110 N
b110 q
b110 J
b110 M
b110 I
b110 L
b110 H
b110 K
0i
1j
b11 e
b11 g
b11 h
b110001111 )
1%
#4010000
0%
#4015000
b101 ?
b101 G
b101 N
b101 q
b110010000 )
b10 e
b10 g
b10 h
0j
1k
b101 J
b101 M
b101 I
b101 L
b101 H
b101 K
1%
#4020000
0%
#4025000
b100 ?
b100 G
b100 N
b100 q
b100 J
b100 M
b100 I
b100 L
b100 H
b100 K
0k
b1 e
b1 g
b1 h
b110010001 )
1%
#4030000
0%
#4035000
b11 ?
b11 G
b11 N
b11 q
b110010010 )
1:
b0 e
b0 g
b0 h
b11 J
b11 M
b11 I
b11 L
b11 H
b11 K
1%
#4040000
0%
#4045000
b10 ?
b10 G
b10 N
b10 q
b10 J
b10 M
b10 I
b10 L
b10 H
b10 K
0:
b111 e
b111 g
b111 h
16
11
b0 O
b110010011 )
1%
#4050000
0%
#4055000
b1 ?
b1 G
b1 N
b1 q
b100 d
b100 f
b110010100 )
01
0/
1#
06
b101 e
b101 g
b101 h
b1 J
b1 M
b1 I
b1 L
b1 H
b1 K
1%
#4060000
0%
#4065000
19
b0 ?
b0 G
b0 N
b0 q
b0 J
b0 M
b0 I
b0 L
b0 H
b0 K
b100 e
b100 g
b100 h
b110010101 )
1%
#4070000
0%
#4075000
09
b111 ?
b111 G
b111 N
b111 q
b110010110 )
b11 e
b11 g
b11 h
1i
b111 J
b111 M
b111 I
b111 L
b111 H
b111 K
1%
#4080000
0%
#4085000
b110 ?
b110 G
b110 N
b110 q
b110 J
b110 M
b110 I
b110 L
b110 H
b110 K
0i
1j
b10 e
b10 g
b10 h
b110010111 )
1%
#4090000
0%
#4095000
b101 ?
b101 G
b101 N
b101 q
b110011000 )
b1 e
b1 g
b1 h
0j
1k
b101 J
b101 M
b101 I
b101 L
b101 H
b101 K
1%
#4100000
0%
#4105000
b100 ?
b100 G
b100 N
b100 q
b100 J
b100 M
b100 I
b100 L
b100 H
b100 K
0k
1:
b0 e
b0 g
b0 h
b110011001 )
1%
#4110000
0%
#4115000
b11 ?
b11 G
b11 N
b11 q
b110011010 )
11
b1 O
0:
b111 e
b111 g
b111 h
b11 J
b11 M
b11 I
b11 L
b11 H
b11 K
1%
#4120000
0%
#4125000
b10 ?
b10 G
b10 N
b10 q
b101 d
b101 f
b10 J
b10 M
b10 I
b10 L
b10 H
b10 K
b100 e
b100 g
b100 h
01
1/
0#
b110011011 )
1%
#4130000
0%
#4135000
b1 ?
b1 G
b1 N
b1 q
b110011100 )
b11 e
b11 g
b11 h
b1 J
b1 M
b1 I
b1 L
b1 H
b1 K
1%
#4140000
0%
#4145000
19
b0 ?
b0 G
b0 N
b0 q
b0 J
b0 M
b0 I
b0 L
b0 H
b0 K
b10 e
b10 g
b10 h
b110011101 )
1%
#4150000
0%
#4155000
09
b111 ?
b111 G
b111 N
b111 q
b110011110 )
b1 e
b1 g
b1 h
1i
b111 J
b111 M
b111 I
b111 L
b111 H
b111 K
1%
#4160000
0%
#4165000
b110 ?
b110 G
b110 N
b110 q
b110 J
b110 M
b110 I
b110 L
b110 H
b110 K
0i
1j
1:
b0 e
b0 g
b0 h
b110011111 )
1%
#4170000
0%
#4175000
b101 ?
b101 G
b101 N
b101 q
b110100000 )
11
b10 O
0:
b111 e
b111 g
b111 h
0j
1k
b101 J
b101 M
b101 I
b101 L
b101 H
b101 K
1%
#4180000
0%
#4185000
b100 ?
b100 G
b100 N
b100 q
b100 d
b100 f
b100 J
b100 M
b100 I
b100 L
b100 H
b100 K
0k
b101 e
b101 g
b101 h
01
0/
1!
b110100001 )
1%
#4190000
0%
#4195000
b11 ?
b11 G
b11 N
b11 q
b110100010 )
b100 e
b100 g
b100 h
b11 J
b11 M
b11 I
b11 L
b11 H
b11 K
1%
#4200000
0%
#4205000
b10 ?
b10 G
b10 N
b10 q
b10 J
b10 M
b10 I
b10 L
b10 H
b10 K
b11 e
b11 g
b11 h
b110100011 )
1%
#4210000
0%
#4215000
b1 ?
b1 G
b1 N
b1 q
b110100100 )
b10 e
b10 g
b10 h
b1 J
b1 M
b1 I
b1 L
b1 H
b1 K
1%
#4220000
0%
#4225000
19
b0 ?
b0 G
b0 N
b0 q
b0 J
b0 M
b0 I
b0 L
b0 H
b0 K
b1 e
b1 g
b1 h
b110100101 )
1%
#4230000
0%
#4235000
09
b111 ?
b111 G
b111 N
b111 q
b110100110 )
1:
b0 e
b0 g
b0 h
1i
b111 J
b111 M
b111 I
b111 L
b111 H
b111 K
1%
#4240000
0%
#4245000
b110 ?
b110 G
b110 N
b110 q
b110 J
b110 M
b110 I
b110 L
b110 H
b110 K
0i
1j
0:
b111 e
b111 g
b111 h
11
b11 O
b110100111 )
1%
#4250000
0%
#4255000
b101 ?
b101 G
b101 N
b101 q
b101 d
b101 f
b110101000 )
01
1/
0!
b100 e
b100 g
b100 h
0j
1k
b101 J
b101 M
b101 I
b101 L
b101 H
b101 K
1%
#4260000
0%
#4265000
b100 ?
b100 G
b100 N
b100 q
b100 J
b100 M
b100 I
b100 L
b100 H
b100 K
0k
b11 e
b11 g
b11 h
b110101001 )
1%
#4270000
0%
#4275000
b11 ?
b11 G
b11 N
b11 q
b110101010 )
b10 e
b10 g
b10 h
b11 J
b11 M
b11 I
b11 L
b11 H
b11 K
1%
#4280000
0%
#4285000
b10 ?
b10 G
b10 N
b10 q
b10 J
b10 M
b10 I
b10 L
b10 H
b10 K
b1 e
b1 g
b1 h
b110101011 )
1%
#4290000
0%
#4295000
b1 ?
b1 G
b1 N
b1 q
b110101100 )
1:
b0 e
b0 g
b0 h
b1 J
b1 M
b1 I
b1 L
b1 H
b1 K
1%
#4300000
0%
#4305000
19
b0 ?
b0 G
b0 N
b0 q
b0 J
b0 M
b0 I
b0 L
b0 H
b0 K
0:
b111 e
b111 g
b111 h
16
11
b0 O
b110101101 )
1%
#4310000
0%
#4315000
09
b111 ?
b111 G
b111 N
b111 q
b100 d
b100 f
b110101110 )
01
0/
1#
06
b101 e
b101 g
b101 h
1i
b111 J
b111 M
b111 I
b111 L
b111 H
b111 K
1%
#4320000
0%
#4325000
b110 ?
b110 G
b110 N
b110 q
b110 J
b110 M
b110 I
b110 L
b110 H
b110 K
0i
1j
b100 e
b100 g
b100 h
b110101111 )
1%
#4330000
0%
#4335000
b101 ?
b101 G
b101 N
b101 q
b110110000 )
b11 e
b11 g
b11 h
0j
1k
b101 J
b101 M
b101 I
b101 L
b101 H
b101 K
1%
#4340000
0%
#4345000
b100 ?
b100 G
b100 N
b100 q
b100 J
b100 M
b100 I
b100 L
b100 H
b100 K
0k
b10 e
b10 g
b10 h
b110110001 )
1%
#4350000
0%
#4355000
b11 ?
b11 G
b11 N
b11 q
b110110010 )
b1 e
b1 g
b1 h
b11 J
b11 M
b11 I
b11 L
b11 H
b11 K
1%
#4360000
0%
#4365000
b10 ?
b10 G
b10 N
b10 q
b10 J
b10 M
b10 I
b10 L
b10 H
b10 K
1:
b0 e
b0 g
b0 h
b110110011 )
1%
#4370000
0%
#4375000
b1 ?
b1 G
b1 N
b1 q
b110110100 )
11
b1 O
0:
b111 e
b111 g
b111 h
b1 J
b1 M
b1 I
b1 L
b1 H
b1 K
1%
#4380000
0%
#4385000
19
b0 ?
b0 G
b0 N
b0 q
b101 d
b101 f
b0 J
b0 M
b0 I
b0 L
b0 H
b0 K
b100 e
b100 g
b100 h
01
1/
0#
b110110101 )
1%
#4390000
0%
#4395000
09
b111 ?
b111 G
b111 N
b111 q
b110110110 )
b11 e
b11 g
b11 h
1i
b111 J
b111 M
b111 I
b111 L
b111 H
b111 K
1%
#4400000
0%
#4405000
b110 ?
b110 G
b110 N
b110 q
b110 J
b110 M
b110 I
b110 L
b110 H
b110 K
0i
1j
b10 e
b10 g
b10 h
b110110111 )
1%
#4410000
0%
#4415000
b101 ?
b101 G
b101 N
b101 q
b110111000 )
b1 e
b1 g
b1 h
0j
1k
b101 J
b101 M
b101 I
b101 L
b101 H
b101 K
1%
#4420000
0%
#4425000
b100 ?
b100 G
b100 N
b100 q
b100 J
b100 M
b100 I
b100 L
b100 H
b100 K
0k
1:
b0 e
b0 g
b0 h
b110111001 )
1%
#4430000
0%
#4435000
b11 ?
b11 G
b11 N
b11 q
b110111010 )
11
b10 O
0:
b111 e
b111 g
b111 h
b11 J
b11 M
b11 I
b11 L
b11 H
b11 K
1%
#4440000
0%
#4445000
b10 ?
b10 G
b10 N
b10 q
b100 d
b100 f
b10 J
b10 M
b10 I
b10 L
b10 H
b10 K
b101 e
b101 g
b101 h
01
0/
1!
b110111011 )
1%
#4450000
0%
#4455000
b1 ?
b1 G
b1 N
b1 q
b110111100 )
b100 e
b100 g
b100 h
b1 J
b1 M
b1 I
b1 L
b1 H
b1 K
1%
#4460000
0%
#4465000
19
b0 ?
b0 G
b0 N
b0 q
b0 J
b0 M
b0 I
b0 L
b0 H
b0 K
b11 e
b11 g
b11 h
b110111101 )
1%
#4470000
0%
#4475000
09
b111 ?
b111 G
b111 N
b111 q
b110111110 )
b10 e
b10 g
b10 h
1i
b111 J
b111 M
b111 I
b111 L
b111 H
b111 K
1%
#4480000
0%
#4485000
b110 ?
b110 G
b110 N
b110 q
b110 J
b110 M
b110 I
b110 L
b110 H
b110 K
0i
1j
b1 e
b1 g
b1 h
b110111111 )
1%
#4490000
0%
#4495000
b101 ?
b101 G
b101 N
b101 q
b111000000 )
1:
b0 e
b0 g
b0 h
0j
1k
b101 J
b101 M
b101 I
b101 L
b101 H
b101 K
1%
#4500000
0%
#4505000
b100 ?
b100 G
b100 N
b100 q
b100 J
b100 M
b100 I
b100 L
b100 H
b100 K
0k
0:
b111 e
b111 g
b111 h
11
b11 O
b111000001 )
1%
#4510000
0%
#4515000
b11 ?
b11 G
b11 N
b11 q
b101 d
b101 f
b111000010 )
01
1/
0!
b100 e
b100 g
b100 h
b11 J
b11 M
b11 I
b11 L
b11 H
b11 K
1%
#4520000
0%
#4525000
b10 ?
b10 G
b10 N
b10 q
b10 J
b10 M
b10 I
b10 L
b10 H
b10 K
b11 e
b11 g
b11 h
b111000011 )
1%
#4530000
0%
#4535000
b1 ?
b1 G
b1 N
b1 q
b111000100 )
b10 e
b10 g
b10 h
b1 J
b1 M
b1 I
b1 L
b1 H
b1 K
1%
#4540000
0%
#4545000
19
b0 ?
b0 G
b0 N
b0 q
b0 J
b0 M
b0 I
b0 L
b0 H
b0 K
b1 e
b1 g
b1 h
b111000101 )
1%
#4550000
0%
#4555000
09
b111 ?
b111 G
b111 N
b111 q
b111000110 )
1:
b0 e
b0 g
b0 h
1i
b111 J
b111 M
b111 I
b111 L
b111 H
b111 K
1%
#4560000
0%
#4565000
b110 ?
b110 G
b110 N
b110 q
b110 J
b110 M
b110 I
b110 L
b110 H
b110 K
0i
1j
0:
b111 e
b111 g
b111 h
16
11
b0 O
b111000111 )
1%
#4570000
0%
#4575000
b101 ?
b101 G
b101 N
b101 q
b100 d
b100 f
b111001000 )
01
0/
1#
06
b101 e
b101 g
b101 h
0j
1k
b101 J
b101 M
b101 I
b101 L
b101 H
b101 K
1%
#4580000
0%
#4585000
b100 ?
b100 G
b100 N
b100 q
b100 J
b100 M
b100 I
b100 L
b100 H
b100 K
0k
b100 e
b100 g
b100 h
b111001001 )
1%
#4590000
0%
#4595000
b11 ?
b11 G
b11 N
b11 q
b111001010 )
b11 e
b11 g
b11 h
b11 J
b11 M
b11 I
b11 L
b11 H
b11 K
1%
#4600000
0%
#4605000
b10 ?
b10 G
b10 N
b10 q
b10 J
b10 M
b10 I
b10 L
b10 H
b10 K
b10 e
b10 g
b10 h
b111001011 )
1%
#4610000
0%
#4615000
b1 ?
b1 G
b1 N
b1 q
b111001100 )
b1 e
b1 g
b1 h
b1 J
b1 M
b1 I
b1 L
b1 H
b1 K
1%
#4620000
0%
#4625000
19
b0 ?
b0 G
b0 N
b0 q
b0 J
b0 M
b0 I
b0 L
b0 H
b0 K
1:
b0 e
b0 g
b0 h
b111001101 )
1%
#4630000
0%
#4635000
09
b111 ?
b111 G
b111 N
b111 q
b111001110 )
11
b1 O
0:
b111 e
b111 g
b111 h
1i
b111 J
b111 M
b111 I
b111 L
b111 H
b111 K
1%
#4640000
0%
#4645000
b110 ?
b110 G
b110 N
b110 q
b101 d
b101 f
b110 J
b110 M
b110 I
b110 L
b110 H
b110 K
0i
1j
b100 e
b100 g
b100 h
01
1/
0#
b111001111 )
1%
#4650000
0%
#4655000
b101 ?
b101 G
b101 N
b101 q
b111010000 )
b11 e
b11 g
b11 h
0j
1k
b101 J
b101 M
b101 I
b101 L
b101 H
b101 K
1%
#4660000
0%
#4665000
b100 ?
b100 G
b100 N
b100 q
b100 J
b100 M
b100 I
b100 L
b100 H
b100 K
0k
b10 e
b10 g
b10 h
b111010001 )
1%
#4670000
0%
#4675000
b11 ?
b11 G
b11 N
b11 q
b111010010 )
b1 e
b1 g
b1 h
b11 J
b11 M
b11 I
b11 L
b11 H
b11 K
1%
#4680000
0%
#4685000
b10 ?
b10 G
b10 N
b10 q
b10 J
b10 M
b10 I
b10 L
b10 H
b10 K
1:
b0 e
b0 g
b0 h
b111010011 )
1%
#4690000
0%
#4695000
b1 ?
b1 G
b1 N
b1 q
b111010100 )
11
b10 O
0:
b111 e
b111 g
b111 h
b1 J
b1 M
b1 I
b1 L
b1 H
b1 K
1%
#4700000
0%
#4705000
19
b0 ?
b0 G
b0 N
b0 q
b100 d
b100 f
b0 J
b0 M
b0 I
b0 L
b0 H
b0 K
b101 e
b101 g
b101 h
01
0/
1!
b111010101 )
1%
#4710000
0%
#4715000
09
b111 ?
b111 G
b111 N
b111 q
b111010110 )
b100 e
b100 g
b100 h
1i
b111 J
b111 M
b111 I
b111 L
b111 H
b111 K
1%
#4720000
0%
#4725000
b110 ?
b110 G
b110 N
b110 q
b110 J
b110 M
b110 I
b110 L
b110 H
b110 K
0i
1j
b11 e
b11 g
b11 h
b111010111 )
1%
#4730000
0%
#4735000
b101 ?
b101 G
b101 N
b101 q
b111011000 )
b10 e
b10 g
b10 h
0j
1k
b101 J
b101 M
b101 I
b101 L
b101 H
b101 K
1%
#4740000
0%
#4745000
b100 ?
b100 G
b100 N
b100 q
b100 J
b100 M
b100 I
b100 L
b100 H
b100 K
0k
b1 e
b1 g
b1 h
b111011001 )
1%
#4750000
0%
#4755000
b11 ?
b11 G
b11 N
b11 q
b111011010 )
1:
b0 e
b0 g
b0 h
b11 J
b11 M
b11 I
b11 L
b11 H
b11 K
1%
#4760000
0%
#4765000
b10 ?
b10 G
b10 N
b10 q
b10 J
b10 M
b10 I
b10 L
b10 H
b10 K
0:
b111 e
b111 g
b111 h
11
b11 O
b111011011 )
1%
#4770000
0%
#4775000
b1 ?
b1 G
b1 N
b1 q
b101 d
b101 f
b111011100 )
01
1/
0!
b100 e
b100 g
b100 h
b1 J
b1 M
b1 I
b1 L
b1 H
b1 K
1%
#4780000
0%
#4785000
19
b0 ?
b0 G
b0 N
b0 q
b0 J
b0 M
b0 I
b0 L
b0 H
b0 K
b11 e
b11 g
b11 h
b111011101 )
1%
#4790000
0%
#4795000
09
b111 ?
b111 G
b111 N
b111 q
b111011110 )
b10 e
b10 g
b10 h
1i
b111 J
b111 M
b111 I
b111 L
b111 H
b111 K
1%
#4800000
0%
#4805000
b110 ?
b110 G
b110 N
b110 q
b110 J
b110 M
b110 I
b110 L
b110 H
b110 K
0i
1j
b1 e
b1 g
b1 h
b111011111 )
1%
#4810000
0%
#4815000
b101 ?
b101 G
b101 N
b101 q
b111100000 )
1:
b0 e
b0 g
b0 h
0j
1k
b101 J
b101 M
b101 I
b101 L
b101 H
b101 K
1%
#4820000
0%
#4825000
b100 ?
b100 G
b100 N
b100 q
b100 J
b100 M
b100 I
b100 L
b100 H
b100 K
0k
0:
b111 e
b111 g
b111 h
16
11
b0 O
b111100001 )
1%
#4830000
0%
#4835000
b11 ?
b11 G
b11 N
b11 q
b100 d
b100 f
b111100010 )
01
0/
1#
06
b101 e
b101 g
b101 h
b11 J
b11 M
b11 I
b11 L
b11 H
b11 K
1%
#4840000
0%
#4845000
b10 ?
b10 G
b10 N
b10 q
b10 J
b10 M
b10 I
b10 L
b10 H
b10 K
b100 e
b100 g
b100 h
b111100011 )
1%
#4850000
0%
#4855000
b1 ?
b1 G
b1 N
b1 q
b111100100 )
b11 e
b11 g
b11 h
b1 J
b1 M
b1 I
b1 L
b1 H
b1 K
1%
#4860000
0%
#4865000
19
b0 ?
b0 G
b0 N
b0 q
b0 J
b0 M
b0 I
b0 L
b0 H
b0 K
b10 e
b10 g
b10 h
b111100101 )
1%
#4870000
0%
#4875000
09
b111 ?
b111 G
b111 N
b111 q
b111100110 )
b1 e
b1 g
b1 h
1i
b111 J
b111 M
b111 I
b111 L
b111 H
b111 K
1%
#4880000
0%
#4885000
b110 ?
b110 G
b110 N
b110 q
b110 J
b110 M
b110 I
b110 L
b110 H
b110 K
0i
1j
1:
b0 e
b0 g
b0 h
b111100111 )
1%
#4890000
0%
#4895000
b101 ?
b101 G
b101 N
b101 q
b111101000 )
11
b1 O
0:
b111 e
b111 g
b111 h
0j
1k
b101 J
b101 M
b101 I
b101 L
b101 H
b101 K
1%
#4900000
0%
#4905000
b100 ?
b100 G
b100 N
b100 q
b101 d
b101 f
b100 J
b100 M
b100 I
b100 L
b100 H
b100 K
0k
b100 e
b100 g
b100 h
01
1/
0#
b111101001 )
1%
#4910000
0%
#4915000
b11 ?
b11 G
b11 N
b11 q
b111101010 )
b11 e
b11 g
b11 h
b11 J
b11 M
b11 I
b11 L
b11 H
b11 K
1%
#4920000
0%
#4925000
b10 ?
b10 G
b10 N
b10 q
b10 J
b10 M
b10 I
b10 L
b10 H
b10 K
b10 e
b10 g
b10 h
b111101011 )
1%
#4930000
0%
#4935000
b1 ?
b1 G
b1 N
b1 q
b111101100 )
b1 e
b1 g
b1 h
b1 J
b1 M
b1 I
b1 L
b1 H
b1 K
1%
#4940000
0%
#4945000
19
b0 ?
b0 G
b0 N
b0 q
b0 J
b0 M
b0 I
b0 L
b0 H
b0 K
1:
b0 e
b0 g
b0 h
b111101101 )
1%
#4950000
0%
#4955000
09
b111 ?
b111 G
b111 N
b111 q
b111101110 )
11
b10 O
0:
b111 e
b111 g
b111 h
1i
b111 J
b111 M
b111 I
b111 L
b111 H
b111 K
1%
#4960000
0%
#4965000
b110 ?
b110 G
b110 N
b110 q
b100 d
b100 f
b110 J
b110 M
b110 I
b110 L
b110 H
b110 K
0i
1j
b101 e
b101 g
b101 h
01
0/
1!
b111101111 )
1%
#4970000
0%
#4975000
b101 ?
b101 G
b101 N
b101 q
b111110000 )
b100 e
b100 g
b100 h
0j
1k
b101 J
b101 M
b101 I
b101 L
b101 H
b101 K
1%
#4980000
0%
#4985000
b100 ?
b100 G
b100 N
b100 q
b100 J
b100 M
b100 I
b100 L
b100 H
b100 K
0k
b11 e
b11 g
b11 h
b111110001 )
1%
#4990000
0%
#4995000
b11 ?
b11 G
b11 N
b11 q
b111110010 )
b10 e
b10 g
b10 h
b11 J
b11 M
b11 I
b11 L
b11 H
b11 K
1%
#5000000
0%
#5005000
b10 ?
b10 G
b10 N
b10 q
b10 J
b10 M
b10 I
b10 L
b10 H
b10 K
b1 e
b1 g
b1 h
b111110011 )
1%
#5010000
0%
#5015000
b1 ?
b1 G
b1 N
b1 q
b111110100 )
1:
b0 e
b0 g
b0 h
b1 J
b1 M
b1 I
b1 L
b1 H
b1 K
1%
#5020000
0%
#5025000
19
b0 ?
b0 G
b0 N
b0 q
b0 J
b0 M
b0 I
b0 L
b0 H
b0 K
0:
b111 e
b111 g
b111 h
11
b11 O
b111110101 )
1%
#5030000
0%
#5035000
09
b111 ?
b111 G
b111 N
b111 q
b101 d
b101 f
b111110110 )
01
1/
0!
b100 e
b100 g
b100 h
1i
b111 J
b111 M
b111 I
b111 L
b111 H
b111 K
1%
#5040000
0%
#5045000
b110 ?
b110 G
b110 N
b110 q
b110 J
b110 M
b110 I
b110 L
b110 H
b110 K
0i
1j
b11 e
b11 g
b11 h
b111110111 )
1%
#5050000
0%
#5055000
b101 ?
b101 G
b101 N
b101 q
b111111000 )
b10 e
b10 g
b10 h
0j
1k
b101 J
b101 M
b101 I
b101 L
b101 H
b101 K
1%
#5060000
0%
#5065000
b100 ?
b100 G
b100 N
b100 q
b100 J
b100 M
b100 I
b100 L
b100 H
b100 K
0k
b1 e
b1 g
b1 h
b111111001 )
1%
#5070000
0%
#5075000
b11 ?
b11 G
b11 N
b11 q
b111111010 )
1:
b0 e
b0 g
b0 h
b11 J
b11 M
b11 I
b11 L
b11 H
b11 K
1%
#5080000
0%
#5085000
b10 ?
b10 G
b10 N
b10 q
b10 J
b10 M
b10 I
b10 L
b10 H
b10 K
0:
b111 e
b111 g
b111 h
16
11
b0 O
b111111011 )
1%
#5090000
0%
#5095000
b1 ?
b1 G
b1 N
b1 q
b100 d
b100 f
b111111100 )
01
0/
1#
06
b101 e
b101 g
b101 h
b1 J
b1 M
b1 I
b1 L
b1 H
b1 K
1%
#5100000
0%
#5105000
19
b0 ?
b0 G
b0 N
b0 q
b0 J
b0 M
b0 I
b0 L
b0 H
b0 K
b100 e
b100 g
b100 h
b111111101 )
1%
#5110000
0%
#5115000
09
b111 ?
b111 G
b111 N
b111 q
b111111110 )
b11 e
b11 g
b11 h
1i
b111 J
b111 M
b111 I
b111 L
b111 H
b111 K
1%
#5120000
0%
#5125000
b110 ?
b110 G
b110 N
b110 q
b110 J
b110 M
b110 I
b110 L
b110 H
b110 K
0i
1j
b10 e
b10 g
b10 h
b111111111 )
1%
#5130000
0%
#5135000
b101 ?
b101 G
b101 N
b101 q
b1000000000 )
b1 e
b1 g
b1 h
0j
1k
b101 J
b101 M
b101 I
b101 L
b101 H
b101 K
1%
#5140000
0%
#5145000
b100 ?
b100 G
b100 N
b100 q
b100 J
b100 M
b100 I
b100 L
b100 H
b100 K
0k
1:
b0 e
b0 g
b0 h
b1000000001 )
1%
#5150000
0%
#5155000
b11 ?
b11 G
b11 N
b11 q
b1000000010 )
11
b1 O
0:
b111 e
b111 g
b111 h
b11 J
b11 M
b11 I
b11 L
b11 H
b11 K
1%
#5160000
0%
#5165000
b10 ?
b10 G
b10 N
b10 q
b101 d
b101 f
b10 J
b10 M
b10 I
b10 L
b10 H
b10 K
b100 e
b100 g
b100 h
01
1/
0#
b1000000011 )
1%
#5170000
0%
#5175000
b1 ?
b1 G
b1 N
b1 q
b1000000100 )
b11 e
b11 g
b11 h
b1 J
b1 M
b1 I
b1 L
b1 H
b1 K
1%
#5180000
0%
#5185000
19
b0 ?
b0 G
b0 N
b0 q
b0 J
b0 M
b0 I
b0 L
b0 H
b0 K
b10 e
b10 g
b10 h
b1000000101 )
1%
#5190000
0%
#5195000
09
b111 ?
b111 G
b111 N
b111 q
b1000000110 )
b1 e
b1 g
b1 h
1i
b111 J
b111 M
b111 I
b111 L
b111 H
b111 K
1%
#5200000
0%
#5205000
b110 ?
b110 G
b110 N
b110 q
b110 J
b110 M
b110 I
b110 L
b110 H
b110 K
0i
1j
1:
b0 e
b0 g
b0 h
b1000000111 )
1%
#5210000
0%
#5215000
b101 ?
b101 G
b101 N
b101 q
b1000001000 )
11
b10 O
0:
b111 e
b111 g
b111 h
0j
1k
b101 J
b101 M
b101 I
b101 L
b101 H
b101 K
1%
#5220000
0%
#5225000
b100 ?
b100 G
b100 N
b100 q
b100 d
b100 f
b100 J
b100 M
b100 I
b100 L
b100 H
b100 K
0k
b101 e
b101 g
b101 h
01
0/
1!
b1000001001 )
1%
#5230000
0%
#5235000
b11 ?
b11 G
b11 N
b11 q
b1000001010 )
b100 e
b100 g
b100 h
b11 J
b11 M
b11 I
b11 L
b11 H
b11 K
1%
#5240000
0%
#5245000
b10 ?
b10 G
b10 N
b10 q
b10 J
b10 M
b10 I
b10 L
b10 H
b10 K
b11 e
b11 g
b11 h
b1000001011 )
1%
#5250000
0%
#5255000
b1 ?
b1 G
b1 N
b1 q
b1000001100 )
b10 e
b10 g
b10 h
b1 J
b1 M
b1 I
b1 L
b1 H
b1 K
1%
#5260000
0%
#5265000
19
b0 ?
b0 G
b0 N
b0 q
b0 J
b0 M
b0 I
b0 L
b0 H
b0 K
b1 e
b1 g
b1 h
b1000001101 )
1%
#5270000
0%
#5275000
09
b111 ?
b111 G
b111 N
b111 q
b1000001110 )
1:
b0 e
b0 g
b0 h
1i
b111 J
b111 M
b111 I
b111 L
b111 H
b111 K
1%
#5280000
0%
#5285000
b110 ?
b110 G
b110 N
b110 q
b110 J
b110 M
b110 I
b110 L
b110 H
b110 K
0i
1j
0:
b111 e
b111 g
b111 h
11
b11 O
b1000001111 )
1%
#5290000
0%
#5295000
b101 ?
b101 G
b101 N
b101 q
b101 d
b101 f
b1000010000 )
01
1/
0!
b100 e
b100 g
b100 h
0j
1k
b101 J
b101 M
b101 I
b101 L
b101 H
b101 K
1%
#5300000
0%
#5305000
b100 ?
b100 G
b100 N
b100 q
b100 J
b100 M
b100 I
b100 L
b100 H
b100 K
0k
b11 e
b11 g
b11 h
b1000010001 )
1%
#5310000
0%
#5315000
b11 ?
b11 G
b11 N
b11 q
b1000010010 )
b10 e
b10 g
b10 h
b11 J
b11 M
b11 I
b11 L
b11 H
b11 K
1%
#5320000
0%
#5325000
b10 ?
b10 G
b10 N
b10 q
b10 J
b10 M
b10 I
b10 L
b10 H
b10 K
b1 e
b1 g
b1 h
b1000010011 )
1%
#5330000
0%
#5335000
b1 ?
b1 G
b1 N
b1 q
b1000010100 )
1:
b0 e
b0 g
b0 h
b1 J
b1 M
b1 I
b1 L
b1 H
b1 K
1%
#5340000
0%
#5345000
19
b0 ?
b0 G
b0 N
b0 q
b0 J
b0 M
b0 I
b0 L
b0 H
b0 K
0:
b111 e
b111 g
b111 h
16
11
b0 O
b1000010101 )
1%
#5350000
0%
#5355000
09
b111 ?
b111 G
b111 N
b111 q
b100 d
b100 f
b1000010110 )
01
0/
1#
06
b101 e
b101 g
b101 h
1i
b111 J
b111 M
b111 I
b111 L
b111 H
b111 K
1%
#5360000
0%
#5365000
b110 ?
b110 G
b110 N
b110 q
b110 J
b110 M
b110 I
b110 L
b110 H
b110 K
0i
1j
b100 e
b100 g
b100 h
b1000010111 )
1%
#5370000
0%
#5375000
b101 ?
b101 G
b101 N
b101 q
b1000011000 )
b11 e
b11 g
b11 h
0j
1k
b101 J
b101 M
b101 I
b101 L
b101 H
b101 K
1%
#5380000
0%
#5385000
b100 ?
b100 G
b100 N
b100 q
b100 J
b100 M
b100 I
b100 L
b100 H
b100 K
0k
b10 e
b10 g
b10 h
b1000011001 )
1%
#5390000
0%
#5395000
b11 ?
b11 G
b11 N
b11 q
b1000011010 )
b1 e
b1 g
b1 h
b11 J
b11 M
b11 I
b11 L
b11 H
b11 K
1%
#5400000
0%
#5405000
b10 ?
b10 G
b10 N
b10 q
b10 J
b10 M
b10 I
b10 L
b10 H
b10 K
1:
b0 e
b0 g
b0 h
b1000011011 )
1%
#5410000
0%
#5415000
b1 ?
b1 G
b1 N
b1 q
b1000011100 )
11
b1 O
0:
b111 e
b111 g
b111 h
b1 J
b1 M
b1 I
b1 L
b1 H
b1 K
1%
#5420000
0%
#5425000
19
b0 ?
b0 G
b0 N
b0 q
b101 d
b101 f
b0 J
b0 M
b0 I
b0 L
b0 H
b0 K
b100 e
b100 g
b100 h
01
1/
0#
b1000011101 )
1%
#5430000
0%
#5435000
09
b111 ?
b111 G
b111 N
b111 q
b1000011110 )
b11 e
b11 g
b11 h
1i
b111 J
b111 M
b111 I
b111 L
b111 H
b111 K
1%
#5440000
0%
#5445000
b110 ?
b110 G
b110 N
b110 q
b110 J
b110 M
b110 I
b110 L
b110 H
b110 K
0i
1j
b10 e
b10 g
b10 h
b1000011111 )
1%
#5450000
0%
#5455000
b101 ?
b101 G
b101 N
b101 q
b1000100000 )
b1 e
b1 g
b1 h
0j
1k
b101 J
b101 M
b101 I
b101 L
b101 H
b101 K
1%
#5460000
0%
#5465000
b100 ?
b100 G
b100 N
b100 q
b100 J
b100 M
b100 I
b100 L
b100 H
b100 K
0k
1:
b0 e
b0 g
b0 h
b1000100001 )
1%
#5470000
0%
#5475000
b11 ?
b11 G
b11 N
b11 q
b1000100010 )
11
b10 O
0:
b111 e
b111 g
b111 h
b11 J
b11 M
b11 I
b11 L
b11 H
b11 K
1%
#5480000
0%
#5485000
b10 ?
b10 G
b10 N
b10 q
b100 d
b100 f
b10 J
b10 M
b10 I
b10 L
b10 H
b10 K
b101 e
b101 g
b101 h
01
0/
1!
b1000100011 )
1%
#5490000
0%
#5495000
b1 ?
b1 G
b1 N
b1 q
b1000100100 )
b100 e
b100 g
b100 h
b1 J
b1 M
b1 I
b1 L
b1 H
b1 K
1%
#5500000
0%
#5505000
19
b0 ?
b0 G
b0 N
b0 q
b0 J
b0 M
b0 I
b0 L
b0 H
b0 K
b11 e
b11 g
b11 h
b1000100101 )
1%
#5510000
0%
#5515000
09
b111 ?
b111 G
b111 N
b111 q
b1000100110 )
b10 e
b10 g
b10 h
1i
b111 J
b111 M
b111 I
b111 L
b111 H
b111 K
1%
#5520000
0%
#5525000
b110 ?
b110 G
b110 N
b110 q
b110 J
b110 M
b110 I
b110 L
b110 H
b110 K
0i
1j
b1 e
b1 g
b1 h
b1000100111 )
1%
#5530000
0%
#5535000
b101 ?
b101 G
b101 N
b101 q
b1000101000 )
1:
b0 e
b0 g
b0 h
0j
1k
b101 J
b101 M
b101 I
b101 L
b101 H
b101 K
1%
#5540000
0%
#5545000
b100 ?
b100 G
b100 N
b100 q
b100 J
b100 M
b100 I
b100 L
b100 H
b100 K
0k
0:
b111 e
b111 g
b111 h
11
b11 O
b1000101001 )
1%
#5550000
0%
#5555000
b11 ?
b11 G
b11 N
b11 q
b101 d
b101 f
b1000101010 )
01
1/
0!
b100 e
b100 g
b100 h
b11 J
b11 M
b11 I
b11 L
b11 H
b11 K
1%
#5560000
0%
#5565000
b10 ?
b10 G
b10 N
b10 q
b10 J
b10 M
b10 I
b10 L
b10 H
b10 K
b11 e
b11 g
b11 h
b1000101011 )
1%
#5570000
0%
#5575000
b1 ?
b1 G
b1 N
b1 q
b1000101100 )
b10 e
b10 g
b10 h
b1 J
b1 M
b1 I
b1 L
b1 H
b1 K
1%
#5580000
0%
#5585000
19
b0 ?
b0 G
b0 N
b0 q
b0 J
b0 M
b0 I
b0 L
b0 H
b0 K
b1 e
b1 g
b1 h
b1000101101 )
1%
#5590000
0%
#5595000
09
b111 ?
b111 G
b111 N
b111 q
b1000101110 )
1:
b0 e
b0 g
b0 h
1i
b111 J
b111 M
b111 I
b111 L
b111 H
b111 K
1%
#5600000
0%
#5605000
b110 ?
b110 G
b110 N
b110 q
b110 J
b110 M
b110 I
b110 L
b110 H
b110 K
0i
1j
0:
b111 e
b111 g
b111 h
16
11
b0 O
b1000101111 )
1%
#5610000
0%
#5615000
b101 ?
b101 G
b101 N
b101 q
b100 d
b100 f
b1000110000 )
01
0/
1#
06
b101 e
b101 g
b101 h
0j
1k
b101 J
b101 M
b101 I
b101 L
b101 H
b101 K
1%
#5620000
0%
#5625000
b100 ?
b100 G
b100 N
b100 q
b100 J
b100 M
b100 I
b100 L
b100 H
b100 K
0k
b100 e
b100 g
b100 h
b1000110001 )
1%
#5630000
0%
#5635000
b11 ?
b11 G
b11 N
b11 q
b1000110010 )
b11 e
b11 g
b11 h
b11 J
b11 M
b11 I
b11 L
b11 H
b11 K
1%
#5640000
0%
#5645000
b10 ?
b10 G
b10 N
b10 q
b10 J
b10 M
b10 I
b10 L
b10 H
b10 K
b10 e
b10 g
b10 h
b1000110011 )
1%
#5650000
0%
#5655000
b1 ?
b1 G
b1 N
b1 q
b1000110100 )
b1 e
b1 g
b1 h
b1 J
b1 M
b1 I
b1 L
b1 H
b1 K
1%
#5660000
0%
#5665000
19
b0 ?
b0 G
b0 N
b0 q
b0 J
b0 M
b0 I
b0 L
b0 H
b0 K
1:
b0 e
b0 g
b0 h
b1000110101 )
1%
#5670000
0%
#5675000
09
b111 ?
b111 G
b111 N
b111 q
b1000110110 )
11
b1 O
0:
b111 e
b111 g
b111 h
1i
b111 J
b111 M
b111 I
b111 L
b111 H
b111 K
1%
#5680000
0%
#5685000
b110 ?
b110 G
b110 N
b110 q
b101 d
b101 f
b110 J
b110 M
b110 I
b110 L
b110 H
b110 K
0i
1j
b100 e
b100 g
b100 h
01
1/
0#
b1000110111 )
1%
#5690000
0%
#5695000
b101 ?
b101 G
b101 N
b101 q
b1000111000 )
b11 e
b11 g
b11 h
0j
1k
b101 J
b101 M
b101 I
b101 L
b101 H
b101 K
1%
#5700000
0%
#5705000
b100 ?
b100 G
b100 N
b100 q
b100 J
b100 M
b100 I
b100 L
b100 H
b100 K
0k
b10 e
b10 g
b10 h
b1000111001 )
1%
#5710000
0%
#5715000
b11 ?
b11 G
b11 N
b11 q
b1000111010 )
b1 e
b1 g
b1 h
b11 J
b11 M
b11 I
b11 L
b11 H
b11 K
1%
#5720000
0%
#5725000
b10 ?
b10 G
b10 N
b10 q
b10 J
b10 M
b10 I
b10 L
b10 H
b10 K
1:
b0 e
b0 g
b0 h
b1000111011 )
1%
#5730000
0%
#5735000
b1 ?
b1 G
b1 N
b1 q
b1000111100 )
11
b10 O
0:
b111 e
b111 g
b111 h
b1 J
b1 M
b1 I
b1 L
b1 H
b1 K
1%
#5740000
0%
#5745000
19
b0 ?
b0 G
b0 N
b0 q
b100 d
b100 f
b0 J
b0 M
b0 I
b0 L
b0 H
b0 K
b101 e
b101 g
b101 h
01
0/
1!
b1000111101 )
1%
#5750000
0%
#5755000
09
b111 ?
b111 G
b111 N
b111 q
b1000111110 )
b100 e
b100 g
b100 h
1i
b111 J
b111 M
b111 I
b111 L
b111 H
b111 K
1%
#5760000
0%
#5765000
b110 ?
b110 G
b110 N
b110 q
b110 J
b110 M
b110 I
b110 L
b110 H
b110 K
0i
1j
b11 e
b11 g
b11 h
b1000111111 )
1%
#5770000
0%
#5775000
b101 ?
b101 G
b101 N
b101 q
b1001000000 )
b10 e
b10 g
b10 h
0j
1k
b101 J
b101 M
b101 I
b101 L
b101 H
b101 K
1%
#5780000
0%
#5785000
b100 ?
b100 G
b100 N
b100 q
b100 J
b100 M
b100 I
b100 L
b100 H
b100 K
0k
b1 e
b1 g
b1 h
b1001000001 )
1%
#5790000
0%
#5795000
b11 ?
b11 G
b11 N
b11 q
b1001000010 )
1:
b0 e
b0 g
b0 h
b11 J
b11 M
b11 I
b11 L
b11 H
b11 K
1%
#5800000
0%
#5805000
b10 ?
b10 G
b10 N
b10 q
b10 J
b10 M
b10 I
b10 L
b10 H
b10 K
0:
b111 e
b111 g
b111 h
11
b11 O
b1001000011 )
1%
#5810000
0%
#5815000
b1 ?
b1 G
b1 N
b1 q
b101 d
b101 f
b1001000100 )
01
1/
0!
b100 e
b100 g
b100 h
b1 J
b1 M
b1 I
b1 L
b1 H
b1 K
1%
#5820000
0%
#5825000
19
b0 ?
b0 G
b0 N
b0 q
b0 J
b0 M
b0 I
b0 L
b0 H
b0 K
b11 e
b11 g
b11 h
b1001000101 )
1%
#5830000
0%
#5835000
09
b111 ?
b111 G
b111 N
b111 q
b1001000110 )
b10 e
b10 g
b10 h
1i
b111 J
b111 M
b111 I
b111 L
b111 H
b111 K
1%
#5840000
0%
#5845000
b110 ?
b110 G
b110 N
b110 q
b110 J
b110 M
b110 I
b110 L
b110 H
b110 K
0i
1j
b1 e
b1 g
b1 h
b1001000111 )
1%
#5850000
0%
#5855000
b101 ?
b101 G
b101 N
b101 q
b1001001000 )
1:
b0 e
b0 g
b0 h
0j
1k
b101 J
b101 M
b101 I
b101 L
b101 H
b101 K
1%
#5860000
0%
#5865000
b100 ?
b100 G
b100 N
b100 q
b100 J
b100 M
b100 I
b100 L
b100 H
b100 K
0k
0:
b111 e
b111 g
b111 h
16
11
b0 O
b1001001001 )
1%
#5870000
0%
#5875000
b11 ?
b11 G
b11 N
b11 q
b100 d
b100 f
b1001001010 )
01
0/
1#
06
b101 e
b101 g
b101 h
b11 J
b11 M
b11 I
b11 L
b11 H
b11 K
1%
#5880000
0%
#5885000
b10 ?
b10 G
b10 N
b10 q
b10 J
b10 M
b10 I
b10 L
b10 H
b10 K
b100 e
b100 g
b100 h
b1001001011 )
1%
#5890000
0%
#5895000
b1 ?
b1 G
b1 N
b1 q
b1001001100 )
b11 e
b11 g
b11 h
b1 J
b1 M
b1 I
b1 L
b1 H
b1 K
1%
#5900000
0%
#5905000
19
b0 ?
b0 G
b0 N
b0 q
b0 J
b0 M
b0 I
b0 L
b0 H
b0 K
b10 e
b10 g
b10 h
b1001001101 )
1%
#5910000
0%
#5915000
09
b111 ?
b111 G
b111 N
b111 q
b1001001110 )
b1 e
b1 g
b1 h
1i
b111 J
b111 M
b111 I
b111 L
b111 H
b111 K
1%
#5920000
0%
#5925000
b110 ?
b110 G
b110 N
b110 q
b110 J
b110 M
b110 I
b110 L
b110 H
b110 K
0i
1j
1:
b0 e
b0 g
b0 h
b1001001111 )
1%
#5930000
0%
#5935000
b101 ?
b101 G
b101 N
b101 q
b1001010000 )
11
b1 O
0:
b111 e
b111 g
b111 h
0j
1k
b101 J
b101 M
b101 I
b101 L
b101 H
b101 K
1%
#5940000
0%
#5945000
b100 ?
b100 G
b100 N
b100 q
b101 d
b101 f
b100 J
b100 M
b100 I
b100 L
b100 H
b100 K
0k
b100 e
b100 g
b100 h
01
1/
0#
b1001010001 )
1%
#5950000
0%
#5955000
b11 ?
b11 G
b11 N
b11 q
b1001010010 )
b11 e
b11 g
b11 h
b11 J
b11 M
b11 I
b11 L
b11 H
b11 K
1%
#5960000
0%
#5965000
b10 ?
b10 G
b10 N
b10 q
b10 J
b10 M
b10 I
b10 L
b10 H
b10 K
b10 e
b10 g
b10 h
b1001010011 )
1%
#5970000
0%
#5975000
b1 ?
b1 G
b1 N
b1 q
b1001010100 )
b1 e
b1 g
b1 h
b1 J
b1 M
b1 I
b1 L
b1 H
b1 K
1%
#5980000
0%
#5985000
19
b0 ?
b0 G
b0 N
b0 q
b0 J
b0 M
b0 I
b0 L
b0 H
b0 K
1:
b0 e
b0 g
b0 h
b1001010101 )
1%
#5990000
0%
#5995000
09
b111 ?
b111 G
b111 N
b111 q
b1001010110 )
11
b10 O
0:
b111 e
b111 g
b111 h
1i
b111 J
b111 M
b111 I
b111 L
b111 H
b111 K
1%
#6000000
0%
#6005000
b110 ?
b110 G
b110 N
b110 q
b100 d
b100 f
b110 J
b110 M
b110 I
b110 L
b110 H
b110 K
0i
1j
b101 e
b101 g
b101 h
01
0/
1!
b1001010111 )
1%
#6010000
0%
#6015000
b101 ?
b101 G
b101 N
b101 q
b1001011000 )
b100 e
b100 g
b100 h
0j
1k
b101 J
b101 M
b101 I
b101 L
b101 H
b101 K
1%
#6020000
0%
#6025000
b100 ?
b100 G
b100 N
b100 q
b100 J
b100 M
b100 I
b100 L
b100 H
b100 K
0k
b11 e
b11 g
b11 h
b1001011001 )
1%
#6030000
0%
#6035000
b11 ?
b11 G
b11 N
b11 q
b1001011010 )
b10 e
b10 g
b10 h
b11 J
b11 M
b11 I
b11 L
b11 H
b11 K
1%
#6040000
0%
#6045000
b10 ?
b10 G
b10 N
b10 q
b10 J
b10 M
b10 I
b10 L
b10 H
b10 K
b1 e
b1 g
b1 h
b1001011011 )
1%
#6050000
0%
#6055000
b1 ?
b1 G
b1 N
b1 q
b1001011100 )
1:
b0 e
b0 g
b0 h
b1 J
b1 M
b1 I
b1 L
b1 H
b1 K
1%
#6060000
0%
#6065000
19
b0 ?
b0 G
b0 N
b0 q
b0 J
b0 M
b0 I
b0 L
b0 H
b0 K
0:
b111 e
b111 g
b111 h
11
b11 O
b1001011101 )
1%
#6070000
0%
#6075000
09
b111 ?
b111 G
b111 N
b111 q
b101 d
b101 f
b1001011110 )
01
1/
0!
b100 e
b100 g
b100 h
1i
b111 J
b111 M
b111 I
b111 L
b111 H
b111 K
1%
#6080000
0%
#6085000
b110 ?
b110 G
b110 N
b110 q
b110 J
b110 M
b110 I
b110 L
b110 H
b110 K
0i
1j
b11 e
b11 g
b11 h
b1001011111 )
1%
#6090000
0%
#6095000
b101 ?
b101 G
b101 N
b101 q
b1001100000 )
b10 e
b10 g
b10 h
0j
1k
b101 J
b101 M
b101 I
b101 L
b101 H
b101 K
1%
#6100000
0%
#6105000
b100 ?
b100 G
b100 N
b100 q
b100 J
b100 M
b100 I
b100 L
b100 H
b100 K
0k
b1 e
b1 g
b1 h
b1001100001 )
1%
#6110000
0%
#6115000
b11 ?
b11 G
b11 N
b11 q
b1001100010 )
1:
b0 e
b0 g
b0 h
b11 J
b11 M
b11 I
b11 L
b11 H
b11 K
1%
#6120000
0%
#6125000
b10 ?
b10 G
b10 N
b10 q
b10 J
b10 M
b10 I
b10 L
b10 H
b10 K
0:
b111 e
b111 g
b111 h
16
11
b0 O
b1001100011 )
1%
#6130000
0%
#6135000
b1 ?
b1 G
b1 N
b1 q
b100 d
b100 f
b1001100100 )
01
0/
1#
06
b101 e
b101 g
b101 h
b1 J
b1 M
b1 I
b1 L
b1 H
b1 K
1%
#6140000
0%
#6145000
19
b0 ?
b0 G
b0 N
b0 q
b0 J
b0 M
b0 I
b0 L
b0 H
b0 K
b100 e
b100 g
b100 h
b1001100101 )
1%
#6150000
0%
#6155000
09
b111 ?
b111 G
b111 N
b111 q
b1001100110 )
b11 e
b11 g
b11 h
1i
b111 J
b111 M
b111 I
b111 L
b111 H
b111 K
1%
#6160000
0%
#6165000
b110 ?
b110 G
b110 N
b110 q
b110 J
b110 M
b110 I
b110 L
b110 H
b110 K
0i
1j
b10 e
b10 g
b10 h
b1001100111 )
1%
#6170000
0%
#6175000
b101 ?
b101 G
b101 N
b101 q
b1001101000 )
b1 e
b1 g
b1 h
0j
1k
b101 J
b101 M
b101 I
b101 L
b101 H
b101 K
1%
#6180000
0%
#6185000
b100 ?
b100 G
b100 N
b100 q
b100 J
b100 M
b100 I
b100 L
b100 H
b100 K
0k
1:
b0 e
b0 g
b0 h
b1001101001 )
1%
#6190000
0%
#6195000
b11 ?
b11 G
b11 N
b11 q
b1001101010 )
11
b1 O
0:
b111 e
b111 g
b111 h
b11 J
b11 M
b11 I
b11 L
b11 H
b11 K
1%
#6200000
0%
#6205000
b10 ?
b10 G
b10 N
b10 q
b101 d
b101 f
b10 J
b10 M
b10 I
b10 L
b10 H
b10 K
b100 e
b100 g
b100 h
01
1/
0#
b1001101011 )
1%
#6210000
0%
#6215000
b1 ?
b1 G
b1 N
b1 q
b1001101100 )
b11 e
b11 g
b11 h
b1 J
b1 M
b1 I
b1 L
b1 H
b1 K
1%
#6220000
0%
#6225000
19
b0 ?
b0 G
b0 N
b0 q
b0 J
b0 M
b0 I
b0 L
b0 H
b0 K
b10 e
b10 g
b10 h
b1001101101 )
1%
#6230000
0%
#6235000
09
b111 ?
b111 G
b111 N
b111 q
b1001101110 )
b1 e
b1 g
b1 h
1i
b111 J
b111 M
b111 I
b111 L
b111 H
b111 K
1%
#6240000
0%
#6245000
b110 ?
b110 G
b110 N
b110 q
b110 J
b110 M
b110 I
b110 L
b110 H
b110 K
0i
1j
1:
b0 e
b0 g
b0 h
b1001101111 )
1%
#6250000
0%
#6255000
b101 ?
b101 G
b101 N
b101 q
b1001110000 )
11
b10 O
0:
b111 e
b111 g
b111 h
0j
1k
b101 J
b101 M
b101 I
b101 L
b101 H
b101 K
1%
#6260000
0%
#6265000
b100 ?
b100 G
b100 N
b100 q
b100 d
b100 f
b100 J
b100 M
b100 I
b100 L
b100 H
b100 K
0k
b101 e
b101 g
b101 h
01
0/
1!
b1001110001 )
1%
#6270000
0%
#6275000
b11 ?
b11 G
b11 N
b11 q
b1001110010 )
b100 e
b100 g
b100 h
b11 J
b11 M
b11 I
b11 L
b11 H
b11 K
1%
#6280000
0%
#6285000
b10 ?
b10 G
b10 N
b10 q
b10 J
b10 M
b10 I
b10 L
b10 H
b10 K
b11 e
b11 g
b11 h
b1001110011 )
1%
#6290000
0%
#6295000
b1 ?
b1 G
b1 N
b1 q
b1001110100 )
b10 e
b10 g
b10 h
b1 J
b1 M
b1 I
b1 L
b1 H
b1 K
1%
#6300000
0%
#6305000
19
b0 ?
b0 G
b0 N
b0 q
b0 J
b0 M
b0 I
b0 L
b0 H
b0 K
b1 e
b1 g
b1 h
b1001110101 )
1%
#6310000
0%
#6315000
09
b111 ?
b111 G
b111 N
b111 q
b1001110110 )
1:
b0 e
b0 g
b0 h
1i
b111 J
b111 M
b111 I
b111 L
b111 H
b111 K
1%
#6320000
0%
#6325000
b110 ?
b110 G
b110 N
b110 q
b110 J
b110 M
b110 I
b110 L
b110 H
b110 K
0i
1j
0:
b111 e
b111 g
b111 h
11
b11 O
b1001110111 )
1%
#6330000
0%
#6335000
b101 ?
b101 G
b101 N
b101 q
b101 d
b101 f
b1001111000 )
01
1/
0!
b100 e
b100 g
b100 h
0j
1k
b101 J
b101 M
b101 I
b101 L
b101 H
b101 K
1%
#6340000
0%
#6345000
b100 ?
b100 G
b100 N
b100 q
b100 J
b100 M
b100 I
b100 L
b100 H
b100 K
0k
b11 e
b11 g
b11 h
b1001111001 )
1%
#6350000
0%
#6355000
b11 ?
b11 G
b11 N
b11 q
b1001111010 )
b10 e
b10 g
b10 h
b11 J
b11 M
b11 I
b11 L
b11 H
b11 K
1%
#6360000
0%
#6365000
b10 ?
b10 G
b10 N
b10 q
b10 J
b10 M
b10 I
b10 L
b10 H
b10 K
b1 e
b1 g
b1 h
b1001111011 )
1%
#6370000
0%
#6375000
b1 ?
b1 G
b1 N
b1 q
b1001111100 )
1:
b0 e
b0 g
b0 h
b1 J
b1 M
b1 I
b1 L
b1 H
b1 K
1%
#6380000
0%
#6385000
19
b0 ?
b0 G
b0 N
b0 q
b0 J
b0 M
b0 I
b0 L
b0 H
b0 K
0:
b111 e
b111 g
b111 h
16
11
b0 O
b1001111101 )
1%
#6390000
0%
#6395000
09
b111 ?
b111 G
b111 N
b111 q
b100 d
b100 f
b1001111110 )
01
0/
1#
06
b101 e
b101 g
b101 h
1i
b111 J
b111 M
b111 I
b111 L
b111 H
b111 K
1%
#6400000
0%
#6405000
b110 ?
b110 G
b110 N
b110 q
b110 J
b110 M
b110 I
b110 L
b110 H
b110 K
0i
1j
b100 e
b100 g
b100 h
b1001111111 )
1%
#6410000
0%
#6415000
b101 ?
b101 G
b101 N
b101 q
b1010000000 )
b11 e
b11 g
b11 h
0j
1k
b101 J
b101 M
b101 I
b101 L
b101 H
b101 K
1%
#6420000
0%
#6425000
b100 ?
b100 G
b100 N
b100 q
b100 J
b100 M
b100 I
b100 L
b100 H
b100 K
0k
b10 e
b10 g
b10 h
b1010000001 )
1%
#6430000
0%
#6435000
b11 ?
b11 G
b11 N
b11 q
b1010000010 )
b1 e
b1 g
b1 h
b11 J
b11 M
b11 I
b11 L
b11 H
b11 K
1%
#6440000
0%
#6445000
b10 ?
b10 G
b10 N
b10 q
b10 J
b10 M
b10 I
b10 L
b10 H
b10 K
1:
b0 e
b0 g
b0 h
b1010000011 )
1%
#6450000
0%
#6455000
b1 ?
b1 G
b1 N
b1 q
b1010000100 )
11
b1 O
0:
b111 e
b111 g
b111 h
b1 J
b1 M
b1 I
b1 L
b1 H
b1 K
1%
#6460000
0%
#6465000
19
b0 ?
b0 G
b0 N
b0 q
b101 d
b101 f
b0 J
b0 M
b0 I
b0 L
b0 H
b0 K
b100 e
b100 g
b100 h
01
1/
0#
b1010000101 )
1%
#6470000
0%
#6475000
09
b111 ?
b111 G
b111 N
b111 q
b1010000110 )
b11 e
b11 g
b11 h
1i
b111 J
b111 M
b111 I
b111 L
b111 H
b111 K
1%
#6480000
0%
#6485000
b110 ?
b110 G
b110 N
b110 q
b110 J
b110 M
b110 I
b110 L
b110 H
b110 K
0i
1j
b10 e
b10 g
b10 h
b1010000111 )
1%
#6490000
0%
#6495000
b101 ?
b101 G
b101 N
b101 q
b1010001000 )
b1 e
b1 g
b1 h
0j
1k
b101 J
b101 M
b101 I
b101 L
b101 H
b101 K
1%
#6500000
0%
#6505000
b100 ?
b100 G
b100 N
b100 q
b100 J
b100 M
b100 I
b100 L
b100 H
b100 K
0k
1:
b0 e
b0 g
b0 h
b1010001001 )
1%
#6510000
0%
#6515000
b11 ?
b11 G
b11 N
b11 q
b1010001010 )
11
b10 O
0:
b111 e
b111 g
b111 h
b11 J
b11 M
b11 I
b11 L
b11 H
b11 K
1%
#6520000
0%
#6525000
b10 ?
b10 G
b10 N
b10 q
b100 d
b100 f
b10 J
b10 M
b10 I
b10 L
b10 H
b10 K
b101 e
b101 g
b101 h
01
0/
1!
b1010001011 )
1%
#6530000
0%
#6535000
b1 ?
b1 G
b1 N
b1 q
b1010001100 )
b100 e
b100 g
b100 h
b1 J
b1 M
b1 I
b1 L
b1 H
b1 K
1%
#6540000
0%
#6545000
19
b0 ?
b0 G
b0 N
b0 q
b0 J
b0 M
b0 I
b0 L
b0 H
b0 K
b11 e
b11 g
b11 h
b1010001101 )
1%
#6550000
0%
#6555000
09
b111 ?
b111 G
b111 N
b111 q
b1010001110 )
b10 e
b10 g
b10 h
1i
b111 J
b111 M
b111 I
b111 L
b111 H
b111 K
1%
#6560000
0%
#6565000
b110 ?
b110 G
b110 N
b110 q
b110 J
b110 M
b110 I
b110 L
b110 H
b110 K
0i
1j
b1 e
b1 g
b1 h
b1010001111 )
1%
#6570000
0%
#6575000
b101 ?
b101 G
b101 N
b101 q
b1010010000 )
1:
b0 e
b0 g
b0 h
0j
1k
b101 J
b101 M
b101 I
b101 L
b101 H
b101 K
1%
#6580000
0%
#6585000
b100 ?
b100 G
b100 N
b100 q
b100 J
b100 M
b100 I
b100 L
b100 H
b100 K
0k
0:
b111 e
b111 g
b111 h
11
b11 O
b1010010001 )
1%
#6590000
0%
#6595000
b11 ?
b11 G
b11 N
b11 q
b101 d
b101 f
b1010010010 )
01
1/
0!
b100 e
b100 g
b100 h
b11 J
b11 M
b11 I
b11 L
b11 H
b11 K
1%
#6600000
0%
#6605000
b10 ?
b10 G
b10 N
b10 q
b10 J
b10 M
b10 I
b10 L
b10 H
b10 K
b11 e
b11 g
b11 h
b1010010011 )
1%
#6610000
0%
#6615000
b1 ?
b1 G
b1 N
b1 q
b1010010100 )
b10 e
b10 g
b10 h
b1 J
b1 M
b1 I
b1 L
b1 H
b1 K
1%
#6620000
0%
#6625000
19
b0 ?
b0 G
b0 N
b0 q
b0 J
b0 M
b0 I
b0 L
b0 H
b0 K
b1 e
b1 g
b1 h
b1010010101 )
1%
#6630000
0%
#6635000
09
b111 ?
b111 G
b111 N
b111 q
b1010010110 )
1:
b0 e
b0 g
b0 h
1i
b111 J
b111 M
b111 I
b111 L
b111 H
b111 K
1%
#6640000
0%
#6645000
b110 ?
b110 G
b110 N
b110 q
b110 J
b110 M
b110 I
b110 L
b110 H
b110 K
0i
1j
0:
b111 e
b111 g
b111 h
16
11
b0 O
b1010010111 )
1%
#6650000
0%
#6655000
b101 ?
b101 G
b101 N
b101 q
b100 d
b100 f
b1010011000 )
01
0/
1#
06
b101 e
b101 g
b101 h
0j
1k
b101 J
b101 M
b101 I
b101 L
b101 H
b101 K
1%
#6660000
0%
#6665000
b100 ?
b100 G
b100 N
b100 q
b100 J
b100 M
b100 I
b100 L
b100 H
b100 K
0k
b100 e
b100 g
b100 h
b1010011001 )
1%
#6670000
0%
#6675000
b11 ?
b11 G
b11 N
b11 q
b1010011010 )
b11 e
b11 g
b11 h
b11 J
b11 M
b11 I
b11 L
b11 H
b11 K
1%
#6680000
0%
#6685000
b10 ?
b10 G
b10 N
b10 q
b10 J
b10 M
b10 I
b10 L
b10 H
b10 K
b10 e
b10 g
b10 h
b1010011011 )
1%
#6690000
0%
#6695000
b1 ?
b1 G
b1 N
b1 q
b1010011100 )
b1 e
b1 g
b1 h
b1 J
b1 M
b1 I
b1 L
b1 H
b1 K
1%
#6700000
0%
#6705000
19
b0 ?
b0 G
b0 N
b0 q
b0 J
b0 M
b0 I
b0 L
b0 H
b0 K
1:
b0 e
b0 g
b0 h
b1010011101 )
1%
#6710000
0%
#6715000
09
b111 ?
b111 G
b111 N
b111 q
b1010011110 )
11
b1 O
0:
b111 e
b111 g
b111 h
1i
b111 J
b111 M
b111 I
b111 L
b111 H
b111 K
1%
#6720000
0%
#6725000
b110 ?
b110 G
b110 N
b110 q
b101 d
b101 f
b110 J
b110 M
b110 I
b110 L
b110 H
b110 K
0i
1j
b100 e
b100 g
b100 h
01
1/
0#
b1010011111 )
1%
#6730000
0%
#6735000
b101 ?
b101 G
b101 N
b101 q
b1010100000 )
b11 e
b11 g
b11 h
0j
1k
b101 J
b101 M
b101 I
b101 L
b101 H
b101 K
1%
#6740000
0%
#6745000
b100 ?
b100 G
b100 N
b100 q
b100 J
b100 M
b100 I
b100 L
b100 H
b100 K
0k
b10 e
b10 g
b10 h
b1010100001 )
1%
#6750000
0%
#6755000
b11 ?
b11 G
b11 N
b11 q
b1010100010 )
b1 e
b1 g
b1 h
b11 J
b11 M
b11 I
b11 L
b11 H
b11 K
1%
#6760000
0%
#6765000
b10 ?
b10 G
b10 N
b10 q
b10 J
b10 M
b10 I
b10 L
b10 H
b10 K
1:
b0 e
b0 g
b0 h
b1010100011 )
1%
#6770000
0%
#6775000
b1 ?
b1 G
b1 N
b1 q
b1010100100 )
11
b10 O
0:
b111 e
b111 g
b111 h
b1 J
b1 M
b1 I
b1 L
b1 H
b1 K
1%
#6780000
0%
#6785000
19
b0 ?
b0 G
b0 N
b0 q
b100 d
b100 f
b0 J
b0 M
b0 I
b0 L
b0 H
b0 K
b101 e
b101 g
b101 h
01
0/
1!
b1010100101 )
1%
#6790000
0%
#6795000
09
b111 ?
b111 G
b111 N
b111 q
b1010100110 )
b100 e
b100 g
b100 h
1i
b111 J
b111 M
b111 I
b111 L
b111 H
b111 K
1%
#6800000
0%
#6805000
b110 ?
b110 G
b110 N
b110 q
b110 J
b110 M
b110 I
b110 L
b110 H
b110 K
0i
1j
b11 e
b11 g
b11 h
b1010100111 )
1%
#6810000
0%
#6815000
b101 ?
b101 G
b101 N
b101 q
b1010101000 )
b10 e
b10 g
b10 h
0j
1k
b101 J
b101 M
b101 I
b101 L
b101 H
b101 K
1%
#6820000
0%
#6825000
b100 ?
b100 G
b100 N
b100 q
b100 J
b100 M
b100 I
b100 L
b100 H
b100 K
0k
b1 e
b1 g
b1 h
b1010101001 )
1%
#6830000
0%
#6835000
b11 ?
b11 G
b11 N
b11 q
b1010101010 )
1:
b0 e
b0 g
b0 h
b11 J
b11 M
b11 I
b11 L
b11 H
b11 K
1%
#6840000
0%
#6845000
b10 ?
b10 G
b10 N
b10 q
b10 J
b10 M
b10 I
b10 L
b10 H
b10 K
0:
b111 e
b111 g
b111 h
11
b11 O
b1010101011 )
1%
#6850000
0%
#6855000
b1 ?
b1 G
b1 N
b1 q
b101 d
b101 f
b1010101100 )
01
1/
0!
b100 e
b100 g
b100 h
b1 J
b1 M
b1 I
b1 L
b1 H
b1 K
1%
#6860000
0%
#6865000
19
b0 ?
b0 G
b0 N
b0 q
b0 J
b0 M
b0 I
b0 L
b0 H
b0 K
b11 e
b11 g
b11 h
b1010101101 )
1%
#6870000
0%
#6875000
09
b111 ?
b111 G
b111 N
b111 q
b1010101110 )
b10 e
b10 g
b10 h
1i
b111 J
b111 M
b111 I
b111 L
b111 H
b111 K
1%
#6880000
0%
#6885000
b110 ?
b110 G
b110 N
b110 q
b110 J
b110 M
b110 I
b110 L
b110 H
b110 K
0i
1j
b1 e
b1 g
b1 h
b1010101111 )
1%
#6890000
0%
#6895000
b101 ?
b101 G
b101 N
b101 q
b1010110000 )
1:
b0 e
b0 g
b0 h
0j
1k
b101 J
b101 M
b101 I
b101 L
b101 H
b101 K
1%
#6900000
0%
#6905000
b100 ?
b100 G
b100 N
b100 q
b100 J
b100 M
b100 I
b100 L
b100 H
b100 K
0k
0:
b111 e
b111 g
b111 h
16
11
b0 O
b1010110001 )
1%
#6910000
0%
#6915000
b11 ?
b11 G
b11 N
b11 q
b100 d
b100 f
b1010110010 )
01
0/
1#
06
b101 e
b101 g
b101 h
b11 J
b11 M
b11 I
b11 L
b11 H
b11 K
1%
#6920000
0%
#6925000
b10 ?
b10 G
b10 N
b10 q
b10 J
b10 M
b10 I
b10 L
b10 H
b10 K
b100 e
b100 g
b100 h
b1010110011 )
1%
#6930000
0%
#6935000
b1 ?
b1 G
b1 N
b1 q
b1010110100 )
b11 e
b11 g
b11 h
b1 J
b1 M
b1 I
b1 L
b1 H
b1 K
1%
#6940000
0%
#6945000
19
b0 ?
b0 G
b0 N
b0 q
b0 J
b0 M
b0 I
b0 L
b0 H
b0 K
b10 e
b10 g
b10 h
b1010110101 )
1%
#6950000
0%
#6955000
09
b111 ?
b111 G
b111 N
b111 q
b1010110110 )
b1 e
b1 g
b1 h
1i
b111 J
b111 M
b111 I
b111 L
b111 H
b111 K
1%
#6960000
0%
#6965000
b110 ?
b110 G
b110 N
b110 q
b110 J
b110 M
b110 I
b110 L
b110 H
b110 K
0i
1j
1:
b0 e
b0 g
b0 h
b1010110111 )
1%
#6970000
0%
#6975000
b101 ?
b101 G
b101 N
b101 q
b1010111000 )
11
b1 O
0:
b111 e
b111 g
b111 h
0j
1k
b101 J
b101 M
b101 I
b101 L
b101 H
b101 K
1%
#6980000
0%
#6985000
b100 ?
b100 G
b100 N
b100 q
b101 d
b101 f
b100 J
b100 M
b100 I
b100 L
b100 H
b100 K
0k
b100 e
b100 g
b100 h
01
1/
0#
b1010111001 )
1%
#6990000
0%
#6995000
b11 ?
b11 G
b11 N
b11 q
b1010111010 )
b11 e
b11 g
b11 h
b11 J
b11 M
b11 I
b11 L
b11 H
b11 K
1%
#7000000
0%
#7005000
b10 ?
b10 G
b10 N
b10 q
b10 J
b10 M
b10 I
b10 L
b10 H
b10 K
b10 e
b10 g
b10 h
b1010111011 )
1%
#7010000
0%
#7015000
b1 ?
b1 G
b1 N
b1 q
b1010111100 )
b1 e
b1 g
b1 h
b1 J
b1 M
b1 I
b1 L
b1 H
b1 K
1%
#7020000
0%
#7025000
19
b0 ?
b0 G
b0 N
b0 q
b0 J
b0 M
b0 I
b0 L
b0 H
b0 K
1:
b0 e
b0 g
b0 h
b1010111101 )
1%
#7030000
0%
#7035000
09
b111 ?
b111 G
b111 N
b111 q
b1010111110 )
11
b10 O
0:
b111 e
b111 g
b111 h
1i
b111 J
b111 M
b111 I
b111 L
b111 H
b111 K
1%
#7040000
0%
#7045000
b110 ?
b110 G
b110 N
b110 q
b100 d
b100 f
b110 J
b110 M
b110 I
b110 L
b110 H
b110 K
0i
1j
b101 e
b101 g
b101 h
01
0/
1!
b1010111111 )
1%
#7050000
0%
#7055000
b101 ?
b101 G
b101 N
b101 q
b1011000000 )
b100 e
b100 g
b100 h
0j
1k
b101 J
b101 M
b101 I
b101 L
b101 H
b101 K
1%
#7060000
0%
#7065000
b100 ?
b100 G
b100 N
b100 q
b100 J
b100 M
b100 I
b100 L
b100 H
b100 K
0k
b11 e
b11 g
b11 h
b1011000001 )
1%
#7070000
0%
#7075000
b11 ?
b11 G
b11 N
b11 q
b1011000010 )
b10 e
b10 g
b10 h
b11 J
b11 M
b11 I
b11 L
b11 H
b11 K
1%
#7080000
0%
#7085000
b10 ?
b10 G
b10 N
b10 q
b10 J
b10 M
b10 I
b10 L
b10 H
b10 K
b1 e
b1 g
b1 h
b1011000011 )
1%
#7090000
0%
#7095000
b1 ?
b1 G
b1 N
b1 q
b1011000100 )
1:
b0 e
b0 g
b0 h
b1 J
b1 M
b1 I
b1 L
b1 H
b1 K
1%
#7100000
0%
#7105000
19
b0 ?
b0 G
b0 N
b0 q
b0 J
b0 M
b0 I
b0 L
b0 H
b0 K
0:
b111 e
b111 g
b111 h
11
b11 O
b1011000101 )
1%
#7110000
0%
#7115000
09
b111 ?
b111 G
b111 N
b111 q
b101 d
b101 f
b1011000110 )
01
1/
0!
b100 e
b100 g
b100 h
1i
b111 J
b111 M
b111 I
b111 L
b111 H
b111 K
1%
#7120000
0%
#7125000
b110 ?
b110 G
b110 N
b110 q
b110 J
b110 M
b110 I
b110 L
b110 H
b110 K
0i
1j
b11 e
b11 g
b11 h
b1011000111 )
1%
#7130000
0%
#7135000
b101 ?
b101 G
b101 N
b101 q
b1011001000 )
b10 e
b10 g
b10 h
0j
1k
b101 J
b101 M
b101 I
b101 L
b101 H
b101 K
1%
#7140000
0%
#7145000
b100 ?
b100 G
b100 N
b100 q
b100 J
b100 M
b100 I
b100 L
b100 H
b100 K
0k
b1 e
b1 g
b1 h
b1011001001 )
1%
#7150000
0%
#7155000
b11 ?
b11 G
b11 N
b11 q
b1011001010 )
1:
b0 e
b0 g
b0 h
b11 J
b11 M
b11 I
b11 L
b11 H
b11 K
1%
#7160000
0%
#7165000
b10 ?
b10 G
b10 N
b10 q
b10 J
b10 M
b10 I
b10 L
b10 H
b10 K
0:
b111 e
b111 g
b111 h
16
11
b0 O
b1011001011 )
1%
#7170000
0%
#7175000
b1 ?
b1 G
b1 N
b1 q
b100 d
b100 f
b1011001100 )
01
0/
1#
06
b101 e
b101 g
b101 h
b1 J
b1 M
b1 I
b1 L
b1 H
b1 K
1%
#7180000
0%
#7185000
19
b0 ?
b0 G
b0 N
b0 q
b0 J
b0 M
b0 I
b0 L
b0 H
b0 K
b100 e
b100 g
b100 h
b1011001101 )
1%
#7190000
0%
#7195000
09
b111 ?
b111 G
b111 N
b111 q
b1011001110 )
b11 e
b11 g
b11 h
1i
b111 J
b111 M
b111 I
b111 L
b111 H
b111 K
1%
#7200000
0%
#7205000
b110 ?
b110 G
b110 N
b110 q
b110 J
b110 M
b110 I
b110 L
b110 H
b110 K
0i
1j
b10 e
b10 g
b10 h
b1011001111 )
1%
#7210000
0%
#7215000
b101 ?
b101 G
b101 N
b101 q
b1011010000 )
b1 e
b1 g
b1 h
0j
1k
b101 J
b101 M
b101 I
b101 L
b101 H
b101 K
1%
#7220000
0%
#7225000
b100 ?
b100 G
b100 N
b100 q
b100 J
b100 M
b100 I
b100 L
b100 H
b100 K
0k
1:
b0 e
b0 g
b0 h
b1011010001 )
1%
#7230000
0%
#7235000
b11 ?
b11 G
b11 N
b11 q
b1011010010 )
11
b1 O
0:
b111 e
b111 g
b111 h
b11 J
b11 M
b11 I
b11 L
b11 H
b11 K
1%
#7240000
0%
#7245000
b10 ?
b10 G
b10 N
b10 q
b101 d
b101 f
b10 J
b10 M
b10 I
b10 L
b10 H
b10 K
b100 e
b100 g
b100 h
01
1/
0#
b1011010011 )
1%
#7250000
0%
#7255000
b1 ?
b1 G
b1 N
b1 q
b1011010100 )
b11 e
b11 g
b11 h
b1 J
b1 M
b1 I
b1 L
b1 H
b1 K
1%
#7260000
0%
#7265000
19
b0 ?
b0 G
b0 N
b0 q
b0 J
b0 M
b0 I
b0 L
b0 H
b0 K
b10 e
b10 g
b10 h
b1011010101 )
1%
#7270000
0%
#7275000
09
b111 ?
b111 G
b111 N
b111 q
b1011010110 )
b1 e
b1 g
b1 h
1i
b111 J
b111 M
b111 I
b111 L
b111 H
b111 K
1%
#7280000
0%
#7285000
b110 ?
b110 G
b110 N
b110 q
b110 J
b110 M
b110 I
b110 L
b110 H
b110 K
0i
1j
1:
b0 e
b0 g
b0 h
b1011010111 )
1%
#7290000
0%
#7295000
b101 ?
b101 G
b101 N
b101 q
b1011011000 )
11
b10 O
0:
b111 e
b111 g
b111 h
0j
1k
b101 J
b101 M
b101 I
b101 L
b101 H
b101 K
1%
#7300000
0%
#7305000
b100 ?
b100 G
b100 N
b100 q
b100 d
b100 f
b100 J
b100 M
b100 I
b100 L
b100 H
b100 K
0k
b101 e
b101 g
b101 h
01
0/
1!
b1011011001 )
1%
#7310000
0%
#7315000
b11 ?
b11 G
b11 N
b11 q
b1011011010 )
b100 e
b100 g
b100 h
b11 J
b11 M
b11 I
b11 L
b11 H
b11 K
1%
#7320000
0%
#7325000
b10 ?
b10 G
b10 N
b10 q
b10 J
b10 M
b10 I
b10 L
b10 H
b10 K
b11 e
b11 g
b11 h
b1011011011 )
1%
#7330000
0%
#7335000
b1 ?
b1 G
b1 N
b1 q
b1011011100 )
b10 e
b10 g
b10 h
b1 J
b1 M
b1 I
b1 L
b1 H
b1 K
1%
#7340000
0%
#7345000
19
b0 ?
b0 G
b0 N
b0 q
b0 J
b0 M
b0 I
b0 L
b0 H
b0 K
b1 e
b1 g
b1 h
b1011011101 )
1%
#7350000
0%
#7355000
09
b111 ?
b111 G
b111 N
b111 q
b1011011110 )
1:
b0 e
b0 g
b0 h
1i
b111 J
b111 M
b111 I
b111 L
b111 H
b111 K
1%
#7360000
0%
#7365000
b110 ?
b110 G
b110 N
b110 q
b110 J
b110 M
b110 I
b110 L
b110 H
b110 K
0i
1j
0:
b111 e
b111 g
b111 h
11
b11 O
b1011011111 )
1%
#7370000
0%
#7375000
b101 ?
b101 G
b101 N
b101 q
b101 d
b101 f
b1011100000 )
01
1/
0!
b100 e
b100 g
b100 h
0j
1k
b101 J
b101 M
b101 I
b101 L
b101 H
b101 K
1%
#7380000
0%
#7385000
b100 ?
b100 G
b100 N
b100 q
b100 J
b100 M
b100 I
b100 L
b100 H
b100 K
0k
b11 e
b11 g
b11 h
b1011100001 )
1%
#7390000
0%
#7395000
b11 ?
b11 G
b11 N
b11 q
b1011100010 )
b10 e
b10 g
b10 h
b11 J
b11 M
b11 I
b11 L
b11 H
b11 K
1%
#7400000
0%
#7405000
b10 ?
b10 G
b10 N
b10 q
b10 J
b10 M
b10 I
b10 L
b10 H
b10 K
b1 e
b1 g
b1 h
b1011100011 )
1%
#7410000
0%
#7415000
b1 ?
b1 G
b1 N
b1 q
b1011100100 )
1:
b0 e
b0 g
b0 h
b1 J
b1 M
b1 I
b1 L
b1 H
b1 K
1%
#7420000
0%
#7425000
19
b0 ?
b0 G
b0 N
b0 q
b0 J
b0 M
b0 I
b0 L
b0 H
b0 K
0:
b111 e
b111 g
b111 h
16
11
b0 O
b1011100101 )
1%
#7430000
0%
#7435000
09
b111 ?
b111 G
b111 N
b111 q
b100 d
b100 f
b1011100110 )
01
0/
1#
06
b101 e
b101 g
b101 h
1i
b111 J
b111 M
b111 I
b111 L
b111 H
b111 K
1%
#7440000
0%
#7445000
b110 ?
b110 G
b110 N
b110 q
b110 J
b110 M
b110 I
b110 L
b110 H
b110 K
0i
1j
b100 e
b100 g
b100 h
b1011100111 )
1%
#7450000
0%
#7455000
b101 ?
b101 G
b101 N
b101 q
b1011101000 )
b11 e
b11 g
b11 h
0j
1k
b101 J
b101 M
b101 I
b101 L
b101 H
b101 K
1%
#7460000
0%
#7465000
b100 ?
b100 G
b100 N
b100 q
b100 J
b100 M
b100 I
b100 L
b100 H
b100 K
0k
b10 e
b10 g
b10 h
b1011101001 )
1%
#7470000
0%
#7475000
b11 ?
b11 G
b11 N
b11 q
b1011101010 )
b1 e
b1 g
b1 h
b11 J
b11 M
b11 I
b11 L
b11 H
b11 K
1%
#7480000
0%
#7485000
b10 ?
b10 G
b10 N
b10 q
b10 J
b10 M
b10 I
b10 L
b10 H
b10 K
1:
b0 e
b0 g
b0 h
b1011101011 )
1%
#7490000
0%
#7495000
b1 ?
b1 G
b1 N
b1 q
b1011101100 )
11
b1 O
0:
b111 e
b111 g
b111 h
b1 J
b1 M
b1 I
b1 L
b1 H
b1 K
1%
#7500000
0%
#7505000
19
b0 ?
b0 G
b0 N
b0 q
b101 d
b101 f
b0 J
b0 M
b0 I
b0 L
b0 H
b0 K
b100 e
b100 g
b100 h
01
1/
0#
b1011101101 )
1%
#7510000
0%
#7515000
09
b111 ?
b111 G
b111 N
b111 q
b1011101110 )
b11 e
b11 g
b11 h
1i
b111 J
b111 M
b111 I
b111 L
b111 H
b111 K
1%
#7520000
0%
#7525000
b110 ?
b110 G
b110 N
b110 q
b110 J
b110 M
b110 I
b110 L
b110 H
b110 K
0i
1j
b10 e
b10 g
b10 h
b1011101111 )
1%
#7530000
0%
#7535000
b101 ?
b101 G
b101 N
b101 q
b1011110000 )
b1 e
b1 g
b1 h
0j
1k
b101 J
b101 M
b101 I
b101 L
b101 H
b101 K
1%
#7540000
0%
#7545000
b100 ?
b100 G
b100 N
b100 q
b100 J
b100 M
b100 I
b100 L
b100 H
b100 K
0k
1:
b0 e
b0 g
b0 h
b1011110001 )
1%
#7550000
0%
#7555000
b11 ?
b11 G
b11 N
b11 q
b1011110010 )
11
b10 O
0:
b111 e
b111 g
b111 h
b11 J
b11 M
b11 I
b11 L
b11 H
b11 K
1%
#7560000
0%
#7565000
b10 ?
b10 G
b10 N
b10 q
b100 d
b100 f
b10 J
b10 M
b10 I
b10 L
b10 H
b10 K
b101 e
b101 g
b101 h
01
0/
1!
b1011110011 )
1%
#7570000
0%
#7575000
b1 ?
b1 G
b1 N
b1 q
b1011110100 )
b100 e
b100 g
b100 h
b1 J
b1 M
b1 I
b1 L
b1 H
b1 K
1%
#7580000
0%
#7585000
19
b0 ?
b0 G
b0 N
b0 q
b0 J
b0 M
b0 I
b0 L
b0 H
b0 K
b11 e
b11 g
b11 h
b1011110101 )
1%
#7590000
0%
#7595000
09
b111 ?
b111 G
b111 N
b111 q
b1011110110 )
b10 e
b10 g
b10 h
1i
b111 J
b111 M
b111 I
b111 L
b111 H
b111 K
1%
#7600000
0%
#7605000
b110 ?
b110 G
b110 N
b110 q
b110 J
b110 M
b110 I
b110 L
b110 H
b110 K
0i
1j
b1 e
b1 g
b1 h
b1011110111 )
1%
#7610000
0%
#7615000
b101 ?
b101 G
b101 N
b101 q
b1011111000 )
1:
b0 e
b0 g
b0 h
0j
1k
b101 J
b101 M
b101 I
b101 L
b101 H
b101 K
1%
#7620000
0%
#7625000
b100 ?
b100 G
b100 N
b100 q
b100 J
b100 M
b100 I
b100 L
b100 H
b100 K
0k
0:
b111 e
b111 g
b111 h
11
b11 O
b1011111001 )
1%
#7630000
0%
#7635000
b11 ?
b11 G
b11 N
b11 q
b101 d
b101 f
b1011111010 )
01
1/
0!
b100 e
b100 g
b100 h
b11 J
b11 M
b11 I
b11 L
b11 H
b11 K
1%
#7640000
0%
#7645000
b10 ?
b10 G
b10 N
b10 q
b10 J
b10 M
b10 I
b10 L
b10 H
b10 K
b11 e
b11 g
b11 h
b1011111011 )
1%
#7650000
0%
#7655000
b1 ?
b1 G
b1 N
b1 q
b1011111100 )
b10 e
b10 g
b10 h
b1 J
b1 M
b1 I
b1 L
b1 H
b1 K
1%
#7660000
0%
#7665000
19
b0 ?
b0 G
b0 N
b0 q
b0 J
b0 M
b0 I
b0 L
b0 H
b0 K
b1 e
b1 g
b1 h
b1011111101 )
1%
#7670000
0%
#7675000
09
b111 ?
b111 G
b111 N
b111 q
b1011111110 )
1:
b0 e
b0 g
b0 h
1i
b111 J
b111 M
b111 I
b111 L
b111 H
b111 K
1%
#7680000
0%
#7685000
b110 ?
b110 G
b110 N
b110 q
b110 J
b110 M
b110 I
b110 L
b110 H
b110 K
0i
1j
0:
b111 e
b111 g
b111 h
16
11
b0 O
b1011111111 )
1%
#7690000
0%
#7695000
b101 ?
b101 G
b101 N
b101 q
b100 d
b100 f
b1100000000 )
01
0/
1#
06
b101 e
b101 g
b101 h
0j
1k
b101 J
b101 M
b101 I
b101 L
b101 H
b101 K
1%
#7700000
0%
#7705000
b100 ?
b100 G
b100 N
b100 q
b100 J
b100 M
b100 I
b100 L
b100 H
b100 K
0k
b100 e
b100 g
b100 h
b1100000001 )
1%
#7710000
0%
#7715000
b11 ?
b11 G
b11 N
b11 q
b1100000010 )
b11 e
b11 g
b11 h
b11 J
b11 M
b11 I
b11 L
b11 H
b11 K
1%
#7720000
0%
#7725000
b10 ?
b10 G
b10 N
b10 q
b10 J
b10 M
b10 I
b10 L
b10 H
b10 K
b10 e
b10 g
b10 h
b1100000011 )
1%
#7730000
0%
#7735000
b1 ?
b1 G
b1 N
b1 q
b1100000100 )
b1 e
b1 g
b1 h
b1 J
b1 M
b1 I
b1 L
b1 H
b1 K
1%
#7740000
0%
#7745000
19
b0 ?
b0 G
b0 N
b0 q
b0 J
b0 M
b0 I
b0 L
b0 H
b0 K
1:
b0 e
b0 g
b0 h
b1100000101 )
1%
#7750000
0%
#7755000
09
b111 ?
b111 G
b111 N
b111 q
b1100000110 )
11
b1 O
0:
b111 e
b111 g
b111 h
1i
b111 J
b111 M
b111 I
b111 L
b111 H
b111 K
1%
#7760000
0%
#7765000
b110 ?
b110 G
b110 N
b110 q
b101 d
b101 f
b110 J
b110 M
b110 I
b110 L
b110 H
b110 K
0i
1j
b100 e
b100 g
b100 h
01
1/
0#
b1100000111 )
1%
#7770000
0%
#7775000
b101 ?
b101 G
b101 N
b101 q
b1100001000 )
b11 e
b11 g
b11 h
0j
1k
b101 J
b101 M
b101 I
b101 L
b101 H
b101 K
1%
#7780000
0%
#7785000
b100 ?
b100 G
b100 N
b100 q
b100 J
b100 M
b100 I
b100 L
b100 H
b100 K
0k
b10 e
b10 g
b10 h
b1100001001 )
1%
#7790000
0%
#7795000
b11 ?
b11 G
b11 N
b11 q
b1100001010 )
b1 e
b1 g
b1 h
b11 J
b11 M
b11 I
b11 L
b11 H
b11 K
1%
#7800000
0%
#7805000
b10 ?
b10 G
b10 N
b10 q
b10 J
b10 M
b10 I
b10 L
b10 H
b10 K
1:
b0 e
b0 g
b0 h
b1100001011 )
1%
#7810000
0%
#7815000
b1 ?
b1 G
b1 N
b1 q
b1100001100 )
11
b10 O
0:
b111 e
b111 g
b111 h
b1 J
b1 M
b1 I
b1 L
b1 H
b1 K
1%
#7820000
0%
#7825000
19
b0 ?
b0 G
b0 N
b0 q
b100 d
b100 f
b0 J
b0 M
b0 I
b0 L
b0 H
b0 K
b101 e
b101 g
b101 h
01
0/
1!
b1100001101 )
1%
#7830000
0%
#7835000
09
b111 ?
b111 G
b111 N
b111 q
b1100001110 )
b100 e
b100 g
b100 h
1i
b111 J
b111 M
b111 I
b111 L
b111 H
b111 K
1%
#7840000
0%
#7845000
b110 ?
b110 G
b110 N
b110 q
b110 J
b110 M
b110 I
b110 L
b110 H
b110 K
0i
1j
b11 e
b11 g
b11 h
b1100001111 )
1%
#7850000
0%
#7855000
b101 ?
b101 G
b101 N
b101 q
b1100010000 )
b10 e
b10 g
b10 h
0j
1k
b101 J
b101 M
b101 I
b101 L
b101 H
b101 K
1%
#7860000
0%
#7865000
b100 ?
b100 G
b100 N
b100 q
b100 J
b100 M
b100 I
b100 L
b100 H
b100 K
0k
b1 e
b1 g
b1 h
b1100010001 )
1%
#7870000
0%
#7875000
b11 ?
b11 G
b11 N
b11 q
b1100010010 )
1:
b0 e
b0 g
b0 h
b11 J
b11 M
b11 I
b11 L
b11 H
b11 K
1%
#7880000
0%
#7885000
b10 ?
b10 G
b10 N
b10 q
b10 J
b10 M
b10 I
b10 L
b10 H
b10 K
0:
b111 e
b111 g
b111 h
11
b11 O
b1100010011 )
1%
#7890000
0%
#7895000
b1 ?
b1 G
b1 N
b1 q
b101 d
b101 f
b1100010100 )
01
1/
0!
b100 e
b100 g
b100 h
b1 J
b1 M
b1 I
b1 L
b1 H
b1 K
1%
#7900000
0%
#7905000
19
b0 ?
b0 G
b0 N
b0 q
b0 J
b0 M
b0 I
b0 L
b0 H
b0 K
b11 e
b11 g
b11 h
b1100010101 )
1%
#7910000
0%
#7915000
09
b111 ?
b111 G
b111 N
b111 q
b1100010110 )
b10 e
b10 g
b10 h
1i
b111 J
b111 M
b111 I
b111 L
b111 H
b111 K
1%
#7920000
0%
#7925000
b110 ?
b110 G
b110 N
b110 q
b110 J
b110 M
b110 I
b110 L
b110 H
b110 K
0i
1j
b1 e
b1 g
b1 h
b1100010111 )
1%
#7930000
0%
#7935000
b101 ?
b101 G
b101 N
b101 q
b1100011000 )
1:
b0 e
b0 g
b0 h
0j
1k
b101 J
b101 M
b101 I
b101 L
b101 H
b101 K
1%
#7940000
0%
#7945000
b100 ?
b100 G
b100 N
b100 q
b100 J
b100 M
b100 I
b100 L
b100 H
b100 K
0k
0:
b111 e
b111 g
b111 h
16
11
b0 O
b1100011001 )
1%
#7950000
0%
#7955000
b11 ?
b11 G
b11 N
b11 q
b100 d
b100 f
b1100011010 )
01
0/
1#
06
b101 e
b101 g
b101 h
b11 J
b11 M
b11 I
b11 L
b11 H
b11 K
1%
#7960000
0%
#7965000
b10 ?
b10 G
b10 N
b10 q
b10 J
b10 M
b10 I
b10 L
b10 H
b10 K
b100 e
b100 g
b100 h
b1100011011 )
1%
#7970000
0%
#7975000
b1 ?
b1 G
b1 N
b1 q
b1100011100 )
b11 e
b11 g
b11 h
b1 J
b1 M
b1 I
b1 L
b1 H
b1 K
1%
#7980000
0%
#7985000
19
b0 ?
b0 G
b0 N
b0 q
b0 J
b0 M
b0 I
b0 L
b0 H
b0 K
b10 e
b10 g
b10 h
b1100011101 )
1%
#7990000
0%
#7995000
09
b111 ?
b111 G
b111 N
b111 q
b1100011110 )
b1 e
b1 g
b1 h
1i
b111 J
b111 M
b111 I
b111 L
b111 H
b111 K
1%
#8000000
0%
#8005000
b110 ?
b110 G
b110 N
b110 q
b110 J
b110 M
b110 I
b110 L
b110 H
b110 K
0i
1j
1:
b0 e
b0 g
b0 h
b1100011111 )
1%
#8010000
0%
#8015000
b101 ?
b101 G
b101 N
b101 q
b1100100000 )
11
b1 O
0:
b111 e
b111 g
b111 h
0j
1k
b101 J
b101 M
b101 I
b101 L
b101 H
b101 K
1%
#8020000
0%
#8025000
b100 ?
b100 G
b100 N
b100 q
b101 d
b101 f
b100 J
b100 M
b100 I
b100 L
b100 H
b100 K
0k
b100 e
b100 g
b100 h
01
1/
0#
b1100100001 )
1%
#8030000
0%
#8035000
b11 ?
b11 G
b11 N
b11 q
b1100100010 )
b11 e
b11 g
b11 h
b11 J
b11 M
b11 I
b11 L
b11 H
b11 K
1%
#8040000
0%
#8045000
b10 ?
b10 G
b10 N
b10 q
b10 J
b10 M
b10 I
b10 L
b10 H
b10 K
b10 e
b10 g
b10 h
b1100100011 )
1%
#8050000
0%
#8055000
b1 ?
b1 G
b1 N
b1 q
b1100100100 )
b1 e
b1 g
b1 h
b1 J
b1 M
b1 I
b1 L
b1 H
b1 K
1%
#8060000
0%
#8065000
19
b0 ?
b0 G
b0 N
b0 q
b0 J
b0 M
b0 I
b0 L
b0 H
b0 K
1:
b0 e
b0 g
b0 h
b1100100101 )
1%
#8070000
0%
#8075000
09
b111 ?
b111 G
b111 N
b111 q
b1100100110 )
11
b10 O
0:
b111 e
b111 g
b111 h
1i
b111 J
b111 M
b111 I
b111 L
b111 H
b111 K
1%
#8080000
0%
#8085000
b110 ?
b110 G
b110 N
b110 q
b100 d
b100 f
b110 J
b110 M
b110 I
b110 L
b110 H
b110 K
0i
1j
b101 e
b101 g
b101 h
01
0/
1!
b1100100111 )
1%
#8090000
0%
#8095000
b101 ?
b101 G
b101 N
b101 q
b1100101000 )
b100 e
b100 g
b100 h
0j
1k
b101 J
b101 M
b101 I
b101 L
b101 H
b101 K
1%
#8100000
0%
#8105000
b100 ?
b100 G
b100 N
b100 q
b100 J
b100 M
b100 I
b100 L
b100 H
b100 K
0k
b11 e
b11 g
b11 h
b1100101001 )
1%
#8110000
0%
#8115000
b11 ?
b11 G
b11 N
b11 q
b1100101010 )
b10 e
b10 g
b10 h
b11 J
b11 M
b11 I
b11 L
b11 H
b11 K
1%
#8120000
0%
#8125000
b10 ?
b10 G
b10 N
b10 q
b10 J
b10 M
b10 I
b10 L
b10 H
b10 K
b1 e
b1 g
b1 h
b1100101011 )
1%
#8130000
0%
#8135000
b1 ?
b1 G
b1 N
b1 q
b1100101100 )
1:
b0 e
b0 g
b0 h
b1 J
b1 M
b1 I
b1 L
b1 H
b1 K
1%
#8140000
0%
#8145000
19
b0 ?
b0 G
b0 N
b0 q
b0 J
b0 M
b0 I
b0 L
b0 H
b0 K
0:
b111 e
b111 g
b111 h
11
b11 O
b1100101101 )
1%
#8150000
0%
#8155000
09
b111 ?
b111 G
b111 N
b111 q
b101 d
b101 f
b1100101110 )
01
1/
0!
b100 e
b100 g
b100 h
1i
b111 J
b111 M
b111 I
b111 L
b111 H
b111 K
1%
#8160000
0%
#8165000
b110 ?
b110 G
b110 N
b110 q
b110 J
b110 M
b110 I
b110 L
b110 H
b110 K
0i
1j
b11 e
b11 g
b11 h
b1100101111 )
1%
#8170000
0%
#8175000
b101 ?
b101 G
b101 N
b101 q
b1100110000 )
b10 e
b10 g
b10 h
0j
1k
b101 J
b101 M
b101 I
b101 L
b101 H
b101 K
1%
#8180000
0%
#8185000
b100 ?
b100 G
b100 N
b100 q
b100 J
b100 M
b100 I
b100 L
b100 H
b100 K
0k
b1 e
b1 g
b1 h
b1100110001 )
1%
#8190000
0%
#8195000
b11 ?
b11 G
b11 N
b11 q
b1100110010 )
1:
b0 e
b0 g
b0 h
b11 J
b11 M
b11 I
b11 L
b11 H
b11 K
1%
#8200000
0%
#8205000
b10 ?
b10 G
b10 N
b10 q
b10 J
b10 M
b10 I
b10 L
b10 H
b10 K
0:
b111 e
b111 g
b111 h
16
11
b0 O
b1100110011 )
1%
#8210000
0%
#8215000
b1 ?
b1 G
b1 N
b1 q
b100 d
b100 f
b1100110100 )
01
0/
1#
06
b101 e
b101 g
b101 h
b1 J
b1 M
b1 I
b1 L
b1 H
b1 K
1%
#8220000
0%
#8225000
19
b0 ?
b0 G
b0 N
b0 q
b0 J
b0 M
b0 I
b0 L
b0 H
b0 K
b100 e
b100 g
b100 h
b1100110101 )
1%
#8230000
0%
#8235000
09
b111 ?
b111 G
b111 N
b111 q
b1100110110 )
b11 e
b11 g
b11 h
1i
b111 J
b111 M
b111 I
b111 L
b111 H
b111 K
1%
#8240000
0%
#8245000
b110 ?
b110 G
b110 N
b110 q
b110 J
b110 M
b110 I
b110 L
b110 H
b110 K
0i
1j
b10 e
b10 g
b10 h
b1100110111 )
1%
#8250000
0%
#8255000
b101 ?
b101 G
b101 N
b101 q
b1100111000 )
b1 e
b1 g
b1 h
0j
1k
b101 J
b101 M
b101 I
b101 L
b101 H
b101 K
1%
#8260000
0%
#8265000
b100 ?
b100 G
b100 N
b100 q
b100 J
b100 M
b100 I
b100 L
b100 H
b100 K
0k
1:
b0 e
b0 g
b0 h
b1100111001 )
1%
#8270000
0%
#8275000
b11 ?
b11 G
b11 N
b11 q
b1100111010 )
11
b1 O
0:
b111 e
b111 g
b111 h
b11 J
b11 M
b11 I
b11 L
b11 H
b11 K
1%
#8280000
0%
#8285000
b10 ?
b10 G
b10 N
b10 q
b101 d
b101 f
b10 J
b10 M
b10 I
b10 L
b10 H
b10 K
b100 e
b100 g
b100 h
01
1/
0#
b1100111011 )
1%
#8290000
0%
#8295000
b1 ?
b1 G
b1 N
b1 q
b1100111100 )
b11 e
b11 g
b11 h
b1 J
b1 M
b1 I
b1 L
b1 H
b1 K
1%
#8300000
0%
#8305000
19
b0 ?
b0 G
b0 N
b0 q
b0 J
b0 M
b0 I
b0 L
b0 H
b0 K
b10 e
b10 g
b10 h
b1100111101 )
1%
#8310000
0%
#8315000
09
b111 ?
b111 G
b111 N
b111 q
b1100111110 )
b1 e
b1 g
b1 h
1i
b111 J
b111 M
b111 I
b111 L
b111 H
b111 K
1%
#8320000
0%
#8325000
b110 ?
b110 G
b110 N
b110 q
b110 J
b110 M
b110 I
b110 L
b110 H
b110 K
0i
1j
1:
b0 e
b0 g
b0 h
b1100111111 )
1%
#8330000
0%
#8335000
b101 ?
b101 G
b101 N
b101 q
b1101000000 )
11
b10 O
0:
b111 e
b111 g
b111 h
0j
1k
b101 J
b101 M
b101 I
b101 L
b101 H
b101 K
1%
#8340000
0%
#8345000
b100 ?
b100 G
b100 N
b100 q
b100 d
b100 f
b100 J
b100 M
b100 I
b100 L
b100 H
b100 K
0k
b101 e
b101 g
b101 h
01
0/
1!
b1101000001 )
1%
#8350000
0%
#8355000
b11 ?
b11 G
b11 N
b11 q
b1101000010 )
b100 e
b100 g
b100 h
b11 J
b11 M
b11 I
b11 L
b11 H
b11 K
1%
#8360000
0%
#8365000
b10 ?
b10 G
b10 N
b10 q
b10 J
b10 M
b10 I
b10 L
b10 H
b10 K
b11 e
b11 g
b11 h
b1101000011 )
1%
#8370000
0%
#8375000
b1 ?
b1 G
b1 N
b1 q
b1101000100 )
b10 e
b10 g
b10 h
b1 J
b1 M
b1 I
b1 L
b1 H
b1 K
1%
#8380000
0%
#8385000
19
b0 ?
b0 G
b0 N
b0 q
b0 J
b0 M
b0 I
b0 L
b0 H
b0 K
b1 e
b1 g
b1 h
b1101000101 )
1%
#8390000
0%
#8395000
09
b111 ?
b111 G
b111 N
b111 q
b1101000110 )
1:
b0 e
b0 g
b0 h
1i
b111 J
b111 M
b111 I
b111 L
b111 H
b111 K
1%
#8400000
0%
#8405000
b110 ?
b110 G
b110 N
b110 q
b110 J
b110 M
b110 I
b110 L
b110 H
b110 K
0i
1j
0:
b111 e
b111 g
b111 h
11
b11 O
b1101000111 )
1%
#8410000
0%
#8415000
b101 ?
b101 G
b101 N
b101 q
b101 d
b101 f
b1101001000 )
01
1/
0!
b100 e
b100 g
b100 h
0j
1k
b101 J
b101 M
b101 I
b101 L
b101 H
b101 K
1%
#8420000
0%
#8425000
b100 ?
b100 G
b100 N
b100 q
b100 J
b100 M
b100 I
b100 L
b100 H
b100 K
0k
b11 e
b11 g
b11 h
b1101001001 )
1%
#8430000
0%
#8435000
b11 ?
b11 G
b11 N
b11 q
b1101001010 )
b10 e
b10 g
b10 h
b11 J
b11 M
b11 I
b11 L
b11 H
b11 K
1%
#8440000
0%
#8445000
b10 ?
b10 G
b10 N
b10 q
b10 J
b10 M
b10 I
b10 L
b10 H
b10 K
b1 e
b1 g
b1 h
b1101001011 )
1%
#8450000
0%
#8455000
b1 ?
b1 G
b1 N
b1 q
b1101001100 )
1:
b0 e
b0 g
b0 h
b1 J
b1 M
b1 I
b1 L
b1 H
b1 K
1%
#8460000
0%
#8465000
19
b0 ?
b0 G
b0 N
b0 q
b0 J
b0 M
b0 I
b0 L
b0 H
b0 K
0:
b111 e
b111 g
b111 h
16
11
b0 O
b1101001101 )
1%
#8470000
0%
#8475000
09
b111 ?
b111 G
b111 N
b111 q
b100 d
b100 f
b1101001110 )
01
0/
1#
06
b101 e
b101 g
b101 h
1i
b111 J
b111 M
b111 I
b111 L
b111 H
b111 K
1%
#8480000
0%
#8485000
b110 ?
b110 G
b110 N
b110 q
b110 J
b110 M
b110 I
b110 L
b110 H
b110 K
0i
1j
b100 e
b100 g
b100 h
b1101001111 )
1%
#8490000
0%
#8495000
b101 ?
b101 G
b101 N
b101 q
b1101010000 )
b11 e
b11 g
b11 h
0j
1k
b101 J
b101 M
b101 I
b101 L
b101 H
b101 K
1%
#8500000
0%
#8505000
b100 ?
b100 G
b100 N
b100 q
b100 J
b100 M
b100 I
b100 L
b100 H
b100 K
0k
b10 e
b10 g
b10 h
b1101010001 )
1%
#8510000
0%
#8515000
b11 ?
b11 G
b11 N
b11 q
b1101010010 )
b1 e
b1 g
b1 h
b11 J
b11 M
b11 I
b11 L
b11 H
b11 K
1%
#8520000
0%
#8525000
b10 ?
b10 G
b10 N
b10 q
b10 J
b10 M
b10 I
b10 L
b10 H
b10 K
1:
b0 e
b0 g
b0 h
b1101010011 )
1%
#8530000
0%
#8535000
b1 ?
b1 G
b1 N
b1 q
b1101010100 )
11
b1 O
0:
b111 e
b111 g
b111 h
b1 J
b1 M
b1 I
b1 L
b1 H
b1 K
1%
#8540000
0%
#8545000
19
b0 ?
b0 G
b0 N
b0 q
b101 d
b101 f
b0 J
b0 M
b0 I
b0 L
b0 H
b0 K
b100 e
b100 g
b100 h
01
1/
0#
b1101010101 )
1%
#8550000
0%
#8555000
09
b111 ?
b111 G
b111 N
b111 q
b1101010110 )
b11 e
b11 g
b11 h
1i
b111 J
b111 M
b111 I
b111 L
b111 H
b111 K
1%
#8560000
0%
#8565000
b110 ?
b110 G
b110 N
b110 q
b110 J
b110 M
b110 I
b110 L
b110 H
b110 K
0i
1j
b10 e
b10 g
b10 h
b1101010111 )
1%
#8570000
0%
#8575000
b101 ?
b101 G
b101 N
b101 q
b1101011000 )
b1 e
b1 g
b1 h
0j
1k
b101 J
b101 M
b101 I
b101 L
b101 H
b101 K
1%
#8580000
0%
#8585000
b100 ?
b100 G
b100 N
b100 q
b100 J
b100 M
b100 I
b100 L
b100 H
b100 K
0k
1:
b0 e
b0 g
b0 h
b1101011001 )
1%
#8590000
0%
#8595000
b11 ?
b11 G
b11 N
b11 q
b1101011010 )
11
b10 O
0:
b111 e
b111 g
b111 h
b11 J
b11 M
b11 I
b11 L
b11 H
b11 K
1%
#8600000
0%
#8605000
b10 ?
b10 G
b10 N
b10 q
b100 d
b100 f
b10 J
b10 M
b10 I
b10 L
b10 H
b10 K
b101 e
b101 g
b101 h
01
0/
1!
b1101011011 )
1%
#8610000
0%
#8615000
b1 ?
b1 G
b1 N
b1 q
b1101011100 )
b100 e
b100 g
b100 h
b1 J
b1 M
b1 I
b1 L
b1 H
b1 K
1%
#8620000
0%
#8625000
19
b0 ?
b0 G
b0 N
b0 q
b0 J
b0 M
b0 I
b0 L
b0 H
b0 K
b11 e
b11 g
b11 h
b1101011101 )
1%
#8630000
0%
#8635000
09
b111 ?
b111 G
b111 N
b111 q
b1101011110 )
b10 e
b10 g
b10 h
1i
b111 J
b111 M
b111 I
b111 L
b111 H
b111 K
1%
#8640000
0%
#8645000
b110 ?
b110 G
b110 N
b110 q
b110 J
b110 M
b110 I
b110 L
b110 H
b110 K
0i
1j
b1 e
b1 g
b1 h
b1101011111 )
1%
#8650000
0%
#8655000
b101 ?
b101 G
b101 N
b101 q
b1101100000 )
1:
b0 e
b0 g
b0 h
0j
1k
b101 J
b101 M
b101 I
b101 L
b101 H
b101 K
1%
#8660000
0%
#8665000
b100 ?
b100 G
b100 N
b100 q
b100 J
b100 M
b100 I
b100 L
b100 H
b100 K
0k
0:
b111 e
b111 g
b111 h
11
b11 O
b1101100001 )
1%
#8670000
0%
#8675000
b11 ?
b11 G
b11 N
b11 q
b101 d
b101 f
b1101100010 )
01
1/
0!
b100 e
b100 g
b100 h
b11 J
b11 M
b11 I
b11 L
b11 H
b11 K
1%
#8680000
0%
#8685000
b10 ?
b10 G
b10 N
b10 q
b10 J
b10 M
b10 I
b10 L
b10 H
b10 K
b11 e
b11 g
b11 h
b1101100011 )
1%
#8690000
0%
#8695000
b1 ?
b1 G
b1 N
b1 q
b1101100100 )
b10 e
b10 g
b10 h
b1 J
b1 M
b1 I
b1 L
b1 H
b1 K
1%
#8700000
0%
#8705000
19
b0 ?
b0 G
b0 N
b0 q
b0 J
b0 M
b0 I
b0 L
b0 H
b0 K
b1 e
b1 g
b1 h
b1101100101 )
1%
#8710000
0%
#8715000
09
b111 ?
b111 G
b111 N
b111 q
b1101100110 )
1:
b0 e
b0 g
b0 h
1i
b111 J
b111 M
b111 I
b111 L
b111 H
b111 K
1%
#8720000
0%
#8725000
b110 ?
b110 G
b110 N
b110 q
b110 J
b110 M
b110 I
b110 L
b110 H
b110 K
0i
1j
0:
b111 e
b111 g
b111 h
16
11
b0 O
b1101100111 )
1%
#8730000
0%
#8735000
b101 ?
b101 G
b101 N
b101 q
b100 d
b100 f
b1101101000 )
01
0/
1#
06
b101 e
b101 g
b101 h
0j
1k
b101 J
b101 M
b101 I
b101 L
b101 H
b101 K
1%
#8740000
0%
#8745000
b100 ?
b100 G
b100 N
b100 q
b100 J
b100 M
b100 I
b100 L
b100 H
b100 K
0k
b100 e
b100 g
b100 h
b1101101001 )
1%
#8750000
0%
#8755000
b11 ?
b11 G
b11 N
b11 q
b1101101010 )
b11 e
b11 g
b11 h
b11 J
b11 M
b11 I
b11 L
b11 H
b11 K
1%
#8760000
0%
#8765000
b10 ?
b10 G
b10 N
b10 q
b10 J
b10 M
b10 I
b10 L
b10 H
b10 K
b10 e
b10 g
b10 h
b1101101011 )
1%
#8770000
0%
#8775000
b1 ?
b1 G
b1 N
b1 q
b1101101100 )
b1 e
b1 g
b1 h
b1 J
b1 M
b1 I
b1 L
b1 H
b1 K
1%
#8780000
0%
#8785000
19
b0 ?
b0 G
b0 N
b0 q
b0 J
b0 M
b0 I
b0 L
b0 H
b0 K
1:
b0 e
b0 g
b0 h
b1101101101 )
1%
#8790000
0%
#8795000
09
b111 ?
b111 G
b111 N
b111 q
b1101101110 )
11
b1 O
0:
b111 e
b111 g
b111 h
1i
b111 J
b111 M
b111 I
b111 L
b111 H
b111 K
1%
#8800000
0%
#8805000
b110 ?
b110 G
b110 N
b110 q
b101 d
b101 f
b110 J
b110 M
b110 I
b110 L
b110 H
b110 K
0i
1j
b100 e
b100 g
b100 h
01
1/
0#
b1101101111 )
1%
#8810000
0%
#8815000
b101 ?
b101 G
b101 N
b101 q
b1101110000 )
b11 e
b11 g
b11 h
0j
1k
b101 J
b101 M
b101 I
b101 L
b101 H
b101 K
1%
#8820000
0%
#8825000
b100 ?
b100 G
b100 N
b100 q
b100 J
b100 M
b100 I
b100 L
b100 H
b100 K
0k
b10 e
b10 g
b10 h
b1101110001 )
1%
#8830000
0%
#8835000
b11 ?
b11 G
b11 N
b11 q
b1101110010 )
b1 e
b1 g
b1 h
b11 J
b11 M
b11 I
b11 L
b11 H
b11 K
1%
#8840000
0%
#8845000
b10 ?
b10 G
b10 N
b10 q
b10 J
b10 M
b10 I
b10 L
b10 H
b10 K
1:
b0 e
b0 g
b0 h
b1101110011 )
1%
#8850000
0%
#8855000
b1 ?
b1 G
b1 N
b1 q
b1101110100 )
11
b10 O
0:
b111 e
b111 g
b111 h
b1 J
b1 M
b1 I
b1 L
b1 H
b1 K
1%
#8860000
0%
#8865000
19
b0 ?
b0 G
b0 N
b0 q
b100 d
b100 f
b0 J
b0 M
b0 I
b0 L
b0 H
b0 K
b101 e
b101 g
b101 h
01
0/
1!
b1101110101 )
1%
#8870000
0%
#8875000
09
b111 ?
b111 G
b111 N
b111 q
b1101110110 )
b100 e
b100 g
b100 h
1i
b111 J
b111 M
b111 I
b111 L
b111 H
b111 K
1%
#8880000
0%
#8885000
b110 ?
b110 G
b110 N
b110 q
b110 J
b110 M
b110 I
b110 L
b110 H
b110 K
0i
1j
b11 e
b11 g
b11 h
b1101110111 )
1%
#8890000
0%
#8895000
b101 ?
b101 G
b101 N
b101 q
b1101111000 )
b10 e
b10 g
b10 h
0j
1k
b101 J
b101 M
b101 I
b101 L
b101 H
b101 K
1%
#8900000
0%
#8905000
b100 ?
b100 G
b100 N
b100 q
b100 J
b100 M
b100 I
b100 L
b100 H
b100 K
0k
b1 e
b1 g
b1 h
b1101111001 )
1%
#8910000
0%
#8915000
b11 ?
b11 G
b11 N
b11 q
b1101111010 )
1:
b0 e
b0 g
b0 h
b11 J
b11 M
b11 I
b11 L
b11 H
b11 K
1%
#8920000
0%
#8925000
b10 ?
b10 G
b10 N
b10 q
b10 J
b10 M
b10 I
b10 L
b10 H
b10 K
0:
b111 e
b111 g
b111 h
11
b11 O
b1101111011 )
1%
#8930000
0%
#8935000
b1 ?
b1 G
b1 N
b1 q
b101 d
b101 f
b1101111100 )
01
1/
0!
b100 e
b100 g
b100 h
b1 J
b1 M
b1 I
b1 L
b1 H
b1 K
1%
#8940000
0%
#8945000
19
b0 ?
b0 G
b0 N
b0 q
b0 J
b0 M
b0 I
b0 L
b0 H
b0 K
b11 e
b11 g
b11 h
b1101111101 )
1%
#8950000
0%
#8955000
09
b111 ?
b111 G
b111 N
b111 q
b1101111110 )
b10 e
b10 g
b10 h
1i
b111 J
b111 M
b111 I
b111 L
b111 H
b111 K
1%
#8960000
0%
#8965000
b110 ?
b110 G
b110 N
b110 q
b110 J
b110 M
b110 I
b110 L
b110 H
b110 K
0i
1j
b1 e
b1 g
b1 h
b1101111111 )
1%
#8970000
0%
#8975000
b101 ?
b101 G
b101 N
b101 q
b1110000000 )
1:
b0 e
b0 g
b0 h
0j
1k
b101 J
b101 M
b101 I
b101 L
b101 H
b101 K
1%
#8980000
0%
#8985000
b100 ?
b100 G
b100 N
b100 q
b100 J
b100 M
b100 I
b100 L
b100 H
b100 K
0k
0:
b111 e
b111 g
b111 h
16
11
b0 O
b1110000001 )
1%
#8990000
0%
#8995000
b11 ?
b11 G
b11 N
b11 q
b100 d
b100 f
b1110000010 )
01
0/
1#
06
b101 e
b101 g
b101 h
b11 J
b11 M
b11 I
b11 L
b11 H
b11 K
1%
#9000000
0%
#9005000
b10 ?
b10 G
b10 N
b10 q
b10 J
b10 M
b10 I
b10 L
b10 H
b10 K
b100 e
b100 g
b100 h
b1110000011 )
1%
#9010000
0%
#9015000
b1 ?
b1 G
b1 N
b1 q
b1110000100 )
b11 e
b11 g
b11 h
b1 J
b1 M
b1 I
b1 L
b1 H
b1 K
1%
#9020000
0%
#9025000
19
b0 ?
b0 G
b0 N
b0 q
b0 J
b0 M
b0 I
b0 L
b0 H
b0 K
b10 e
b10 g
b10 h
b1110000101 )
1%
#9030000
0%
#9035000
09
b111 ?
b111 G
b111 N
b111 q
b1110000110 )
b1 e
b1 g
b1 h
1i
b111 J
b111 M
b111 I
b111 L
b111 H
b111 K
1%
#9040000
0%
#9045000
b110 ?
b110 G
b110 N
b110 q
b110 J
b110 M
b110 I
b110 L
b110 H
b110 K
0i
1j
1:
b0 e
b0 g
b0 h
b1110000111 )
1%
#9050000
0%
#9055000
b101 ?
b101 G
b101 N
b101 q
b1110001000 )
11
b1 O
0:
b111 e
b111 g
b111 h
0j
1k
b101 J
b101 M
b101 I
b101 L
b101 H
b101 K
1%
#9060000
0%
#9065000
b100 ?
b100 G
b100 N
b100 q
b101 d
b101 f
b100 J
b100 M
b100 I
b100 L
b100 H
b100 K
0k
b100 e
b100 g
b100 h
01
1/
0#
b1110001001 )
1%
#9070000
0%
#9075000
b11 ?
b11 G
b11 N
b11 q
b1110001010 )
b11 e
b11 g
b11 h
b11 J
b11 M
b11 I
b11 L
b11 H
b11 K
1%
#9080000
0%
#9085000
b10 ?
b10 G
b10 N
b10 q
b10 J
b10 M
b10 I
b10 L
b10 H
b10 K
b10 e
b10 g
b10 h
b1110001011 )
1%
#9090000
0%
#9095000
b1 ?
b1 G
b1 N
b1 q
b1110001100 )
b1 e
b1 g
b1 h
b1 J
b1 M
b1 I
b1 L
b1 H
b1 K
1%
#9100000
0%
#9105000
19
b0 ?
b0 G
b0 N
b0 q
b0 J
b0 M
b0 I
b0 L
b0 H
b0 K
1:
b0 e
b0 g
b0 h
b1110001101 )
1%
#9110000
0%
#9115000
09
b111 ?
b111 G
b111 N
b111 q
b1110001110 )
11
b10 O
0:
b111 e
b111 g
b111 h
1i
b111 J
b111 M
b111 I
b111 L
b111 H
b111 K
1%
#9120000
0%
#9125000
b110 ?
b110 G
b110 N
b110 q
b100 d
b100 f
b110 J
b110 M
b110 I
b110 L
b110 H
b110 K
0i
1j
b101 e
b101 g
b101 h
01
0/
1!
b1110001111 )
1%
#9130000
0%
#9135000
b101 ?
b101 G
b101 N
b101 q
b1110010000 )
b100 e
b100 g
b100 h
0j
1k
b101 J
b101 M
b101 I
b101 L
b101 H
b101 K
1%
#9140000
0%
#9145000
b100 ?
b100 G
b100 N
b100 q
b100 J
b100 M
b100 I
b100 L
b100 H
b100 K
0k
b11 e
b11 g
b11 h
b1110010001 )
1%
#9150000
0%
#9155000
b11 ?
b11 G
b11 N
b11 q
b1110010010 )
b10 e
b10 g
b10 h
b11 J
b11 M
b11 I
b11 L
b11 H
b11 K
1%
#9160000
0%
#9165000
b10 ?
b10 G
b10 N
b10 q
b10 J
b10 M
b10 I
b10 L
b10 H
b10 K
b1 e
b1 g
b1 h
b1110010011 )
1%
#9170000
0%
#9175000
b1 ?
b1 G
b1 N
b1 q
b1110010100 )
1:
b0 e
b0 g
b0 h
b1 J
b1 M
b1 I
b1 L
b1 H
b1 K
1%
#9180000
0%
#9185000
19
b0 ?
b0 G
b0 N
b0 q
b0 J
b0 M
b0 I
b0 L
b0 H
b0 K
0:
b111 e
b111 g
b111 h
11
b11 O
b1110010101 )
1%
#9190000
0%
#9195000
09
b111 ?
b111 G
b111 N
b111 q
b101 d
b101 f
b1110010110 )
01
1/
0!
b100 e
b100 g
b100 h
1i
b111 J
b111 M
b111 I
b111 L
b111 H
b111 K
1%
#9200000
0%
#9205000
b110 ?
b110 G
b110 N
b110 q
b110 J
b110 M
b110 I
b110 L
b110 H
b110 K
0i
1j
b11 e
b11 g
b11 h
b1110010111 )
1%
#9210000
0%
#9215000
b101 ?
b101 G
b101 N
b101 q
b1110011000 )
b10 e
b10 g
b10 h
0j
1k
b101 J
b101 M
b101 I
b101 L
b101 H
b101 K
1%
#9220000
0%
#9225000
b100 ?
b100 G
b100 N
b100 q
b100 J
b100 M
b100 I
b100 L
b100 H
b100 K
0k
b1 e
b1 g
b1 h
b1110011001 )
1%
#9230000
0%
#9235000
b11 ?
b11 G
b11 N
b11 q
b1110011010 )
1:
b0 e
b0 g
b0 h
b11 J
b11 M
b11 I
b11 L
b11 H
b11 K
1%
#9240000
0%
#9245000
b10 ?
b10 G
b10 N
b10 q
b10 J
b10 M
b10 I
b10 L
b10 H
b10 K
0:
b111 e
b111 g
b111 h
16
11
b0 O
b1110011011 )
1%
#9250000
0%
#9255000
b1 ?
b1 G
b1 N
b1 q
b100 d
b100 f
b1110011100 )
01
0/
1#
06
b101 e
b101 g
b101 h
b1 J
b1 M
b1 I
b1 L
b1 H
b1 K
1%
#9260000
0%
#9265000
19
b0 ?
b0 G
b0 N
b0 q
b0 J
b0 M
b0 I
b0 L
b0 H
b0 K
b100 e
b100 g
b100 h
b1110011101 )
1%
#9270000
0%
#9275000
09
b111 ?
b111 G
b111 N
b111 q
b1110011110 )
b11 e
b11 g
b11 h
1i
b111 J
b111 M
b111 I
b111 L
b111 H
b111 K
1%
#9280000
0%
#9285000
b110 ?
b110 G
b110 N
b110 q
b110 J
b110 M
b110 I
b110 L
b110 H
b110 K
0i
1j
b10 e
b10 g
b10 h
b1110011111 )
1%
#9290000
0%
#9295000
b101 ?
b101 G
b101 N
b101 q
b1110100000 )
b1 e
b1 g
b1 h
0j
1k
b101 J
b101 M
b101 I
b101 L
b101 H
b101 K
1%
#9300000
0%
#9305000
b100 ?
b100 G
b100 N
b100 q
b100 J
b100 M
b100 I
b100 L
b100 H
b100 K
0k
1:
b0 e
b0 g
b0 h
b1110100001 )
1%
#9310000
0%
#9315000
b11 ?
b11 G
b11 N
b11 q
b1110100010 )
11
b1 O
0:
b111 e
b111 g
b111 h
b11 J
b11 M
b11 I
b11 L
b11 H
b11 K
1%
#9320000
0%
#9325000
b10 ?
b10 G
b10 N
b10 q
b101 d
b101 f
b10 J
b10 M
b10 I
b10 L
b10 H
b10 K
b100 e
b100 g
b100 h
01
1/
0#
b1110100011 )
1%
#9330000
0%
#9335000
b1 ?
b1 G
b1 N
b1 q
b1110100100 )
b11 e
b11 g
b11 h
b1 J
b1 M
b1 I
b1 L
b1 H
b1 K
1%
#9340000
0%
#9345000
19
b0 ?
b0 G
b0 N
b0 q
b0 J
b0 M
b0 I
b0 L
b0 H
b0 K
b10 e
b10 g
b10 h
b1110100101 )
1%
#9350000
0%
#9355000
09
b111 ?
b111 G
b111 N
b111 q
b1110100110 )
b1 e
b1 g
b1 h
1i
b111 J
b111 M
b111 I
b111 L
b111 H
b111 K
1%
#9360000
0%
#9365000
b110 ?
b110 G
b110 N
b110 q
b110 J
b110 M
b110 I
b110 L
b110 H
b110 K
0i
1j
1:
b0 e
b0 g
b0 h
b1110100111 )
1%
#9370000
0%
#9375000
b101 ?
b101 G
b101 N
b101 q
b1110101000 )
11
b10 O
0:
b111 e
b111 g
b111 h
0j
1k
b101 J
b101 M
b101 I
b101 L
b101 H
b101 K
1%
#9380000
0%
#9385000
b100 ?
b100 G
b100 N
b100 q
b100 d
b100 f
b100 J
b100 M
b100 I
b100 L
b100 H
b100 K
0k
b101 e
b101 g
b101 h
01
0/
1!
b1110101001 )
1%
#9390000
0%
#9395000
b11 ?
b11 G
b11 N
b11 q
b1110101010 )
b100 e
b100 g
b100 h
b11 J
b11 M
b11 I
b11 L
b11 H
b11 K
1%
#9400000
0%
#9405000
b10 ?
b10 G
b10 N
b10 q
b10 J
b10 M
b10 I
b10 L
b10 H
b10 K
b11 e
b11 g
b11 h
b1110101011 )
1%
#9410000
0%
#9415000
b1 ?
b1 G
b1 N
b1 q
b1110101100 )
b10 e
b10 g
b10 h
b1 J
b1 M
b1 I
b1 L
b1 H
b1 K
1%
#9420000
0%
#9425000
19
b0 ?
b0 G
b0 N
b0 q
b0 J
b0 M
b0 I
b0 L
b0 H
b0 K
b1 e
b1 g
b1 h
b1110101101 )
1%
#9430000
0%
#9435000
09
b111 ?
b111 G
b111 N
b111 q
b1110101110 )
1:
b0 e
b0 g
b0 h
1i
b111 J
b111 M
b111 I
b111 L
b111 H
b111 K
1%
#9440000
0%
#9445000
b110 ?
b110 G
b110 N
b110 q
b110 J
b110 M
b110 I
b110 L
b110 H
b110 K
0i
1j
0:
b111 e
b111 g
b111 h
11
b11 O
b1110101111 )
1%
#9450000
0%
#9455000
b101 ?
b101 G
b101 N
b101 q
b101 d
b101 f
b1110110000 )
01
1/
0!
b100 e
b100 g
b100 h
0j
1k
b101 J
b101 M
b101 I
b101 L
b101 H
b101 K
1%
#9460000
0%
#9465000
b100 ?
b100 G
b100 N
b100 q
b100 J
b100 M
b100 I
b100 L
b100 H
b100 K
0k
b11 e
b11 g
b11 h
b1110110001 )
1%
#9470000
0%
#9475000
b11 ?
b11 G
b11 N
b11 q
b1110110010 )
b10 e
b10 g
b10 h
b11 J
b11 M
b11 I
b11 L
b11 H
b11 K
1%
#9480000
0%
#9485000
b10 ?
b10 G
b10 N
b10 q
b10 J
b10 M
b10 I
b10 L
b10 H
b10 K
b1 e
b1 g
b1 h
b1110110011 )
1%
#9490000
0%
#9495000
b1 ?
b1 G
b1 N
b1 q
b1110110100 )
1:
b0 e
b0 g
b0 h
b1 J
b1 M
b1 I
b1 L
b1 H
b1 K
1%
#9500000
0%
#9505000
19
b0 ?
b0 G
b0 N
b0 q
b0 J
b0 M
b0 I
b0 L
b0 H
b0 K
0:
b111 e
b111 g
b111 h
16
11
b0 O
b1110110101 )
1%
#9510000
0%
#9515000
09
b111 ?
b111 G
b111 N
b111 q
b100 d
b100 f
b1110110110 )
01
0/
1#
06
b101 e
b101 g
b101 h
1i
b111 J
b111 M
b111 I
b111 L
b111 H
b111 K
1%
#9520000
0%
#9525000
b110 ?
b110 G
b110 N
b110 q
b110 J
b110 M
b110 I
b110 L
b110 H
b110 K
0i
1j
b100 e
b100 g
b100 h
b1110110111 )
1%
#9530000
0%
#9535000
b101 ?
b101 G
b101 N
b101 q
b1110111000 )
b11 e
b11 g
b11 h
0j
1k
b101 J
b101 M
b101 I
b101 L
b101 H
b101 K
1%
#9540000
0%
#9545000
b100 ?
b100 G
b100 N
b100 q
b100 J
b100 M
b100 I
b100 L
b100 H
b100 K
0k
b10 e
b10 g
b10 h
b1110111001 )
1%
#9550000
0%
#9555000
b11 ?
b11 G
b11 N
b11 q
b1110111010 )
b1 e
b1 g
b1 h
b11 J
b11 M
b11 I
b11 L
b11 H
b11 K
1%
#9560000
0%
#9565000
b10 ?
b10 G
b10 N
b10 q
b10 J
b10 M
b10 I
b10 L
b10 H
b10 K
1:
b0 e
b0 g
b0 h
b1110111011 )
1%
#9570000
0%
#9575000
b1 ?
b1 G
b1 N
b1 q
b1110111100 )
11
b1 O
0:
b111 e
b111 g
b111 h
b1 J
b1 M
b1 I
b1 L
b1 H
b1 K
1%
#9580000
0%
#9585000
19
b0 ?
b0 G
b0 N
b0 q
b101 d
b101 f
b0 J
b0 M
b0 I
b0 L
b0 H
b0 K
b100 e
b100 g
b100 h
01
1/
0#
b1110111101 )
1%
#9590000
0%
#9595000
09
b111 ?
b111 G
b111 N
b111 q
b1110111110 )
b11 e
b11 g
b11 h
1i
b111 J
b111 M
b111 I
b111 L
b111 H
b111 K
1%
#9600000
0%
#9605000
b110 ?
b110 G
b110 N
b110 q
b110 J
b110 M
b110 I
b110 L
b110 H
b110 K
0i
1j
b10 e
b10 g
b10 h
b1110111111 )
1%
#9610000
0%
#9615000
b101 ?
b101 G
b101 N
b101 q
b1111000000 )
b1 e
b1 g
b1 h
0j
1k
b101 J
b101 M
b101 I
b101 L
b101 H
b101 K
1%
#9620000
0%
#9625000
b100 ?
b100 G
b100 N
b100 q
b100 J
b100 M
b100 I
b100 L
b100 H
b100 K
0k
1:
b0 e
b0 g
b0 h
b1111000001 )
1%
#9630000
0%
#9635000
b11 ?
b11 G
b11 N
b11 q
b1111000010 )
11
b10 O
0:
b111 e
b111 g
b111 h
b11 J
b11 M
b11 I
b11 L
b11 H
b11 K
1%
#9640000
0%
#9645000
b10 ?
b10 G
b10 N
b10 q
b100 d
b100 f
b10 J
b10 M
b10 I
b10 L
b10 H
b10 K
b101 e
b101 g
b101 h
01
0/
1!
b1111000011 )
1%
#9650000
0%
#9655000
b1 ?
b1 G
b1 N
b1 q
b1111000100 )
b100 e
b100 g
b100 h
b1 J
b1 M
b1 I
b1 L
b1 H
b1 K
1%
#9660000
0%
#9665000
19
b0 ?
b0 G
b0 N
b0 q
b0 J
b0 M
b0 I
b0 L
b0 H
b0 K
b11 e
b11 g
b11 h
b1111000101 )
1%
#9670000
0%
#9675000
09
b111 ?
b111 G
b111 N
b111 q
b1111000110 )
b10 e
b10 g
b10 h
1i
b111 J
b111 M
b111 I
b111 L
b111 H
b111 K
1%
#9680000
0%
#9685000
b110 ?
b110 G
b110 N
b110 q
b110 J
b110 M
b110 I
b110 L
b110 H
b110 K
0i
1j
b1 e
b1 g
b1 h
b1111000111 )
1%
#9690000
0%
#9695000
b101 ?
b101 G
b101 N
b101 q
b1111001000 )
1:
b0 e
b0 g
b0 h
0j
1k
b101 J
b101 M
b101 I
b101 L
b101 H
b101 K
1%
#9700000
0%
#9705000
b100 ?
b100 G
b100 N
b100 q
b100 J
b100 M
b100 I
b100 L
b100 H
b100 K
0k
0:
b111 e
b111 g
b111 h
11
b11 O
b1111001001 )
1%
#9710000
0%
#9715000
b11 ?
b11 G
b11 N
b11 q
b101 d
b101 f
b1111001010 )
01
1/
0!
b100 e
b100 g
b100 h
b11 J
b11 M
b11 I
b11 L
b11 H
b11 K
1%
#9720000
0%
#9725000
b10 ?
b10 G
b10 N
b10 q
b10 J
b10 M
b10 I
b10 L
b10 H
b10 K
b11 e
b11 g
b11 h
b1111001011 )
1%
#9730000
0%
#9735000
b1 ?
b1 G
b1 N
b1 q
b1111001100 )
b10 e
b10 g
b10 h
b1 J
b1 M
b1 I
b1 L
b1 H
b1 K
1%
#9740000
0%
#9745000
19
b0 ?
b0 G
b0 N
b0 q
b0 J
b0 M
b0 I
b0 L
b0 H
b0 K
b1 e
b1 g
b1 h
b1111001101 )
1%
#9750000
0%
#9755000
09
b111 ?
b111 G
b111 N
b111 q
b1111001110 )
1:
b0 e
b0 g
b0 h
1i
b111 J
b111 M
b111 I
b111 L
b111 H
b111 K
1%
#9760000
0%
#9765000
b110 ?
b110 G
b110 N
b110 q
b110 J
b110 M
b110 I
b110 L
b110 H
b110 K
0i
1j
0:
b111 e
b111 g
b111 h
16
11
b0 O
b1111001111 )
1%
#9770000
0%
#9775000
b101 ?
b101 G
b101 N
b101 q
b100 d
b100 f
b1111010000 )
01
0/
1#
06
b101 e
b101 g
b101 h
0j
1k
b101 J
b101 M
b101 I
b101 L
b101 H
b101 K
1%
#9780000
0%
#9785000
b100 ?
b100 G
b100 N
b100 q
b100 J
b100 M
b100 I
b100 L
b100 H
b100 K
0k
b100 e
b100 g
b100 h
b1111010001 )
1%
#9790000
0%
#9795000
b11 ?
b11 G
b11 N
b11 q
b1111010010 )
b11 e
b11 g
b11 h
b11 J
b11 M
b11 I
b11 L
b11 H
b11 K
1%
#9800000
0%
#9805000
b10 ?
b10 G
b10 N
b10 q
b10 J
b10 M
b10 I
b10 L
b10 H
b10 K
b10 e
b10 g
b10 h
b1111010011 )
1%
#9810000
0%
#9815000
b1 ?
b1 G
b1 N
b1 q
b1111010100 )
b1 e
b1 g
b1 h
b1 J
b1 M
b1 I
b1 L
b1 H
b1 K
1%
#9820000
0%
#9825000
19
b0 ?
b0 G
b0 N
b0 q
b0 J
b0 M
b0 I
b0 L
b0 H
b0 K
1:
b0 e
b0 g
b0 h
b1111010101 )
1%
#9830000
0%
#9835000
09
b111 ?
b111 G
b111 N
b111 q
b1111010110 )
11
b1 O
0:
b111 e
b111 g
b111 h
1i
b111 J
b111 M
b111 I
b111 L
b111 H
b111 K
1%
#9840000
0%
#9845000
b110 ?
b110 G
b110 N
b110 q
b101 d
b101 f
b110 J
b110 M
b110 I
b110 L
b110 H
b110 K
0i
1j
b100 e
b100 g
b100 h
01
1/
0#
b1111010111 )
1%
#9850000
0%
#9855000
b101 ?
b101 G
b101 N
b101 q
b1111011000 )
b11 e
b11 g
b11 h
0j
1k
b101 J
b101 M
b101 I
b101 L
b101 H
b101 K
1%
#9860000
0%
#9865000
b100 ?
b100 G
b100 N
b100 q
b100 J
b100 M
b100 I
b100 L
b100 H
b100 K
0k
b10 e
b10 g
b10 h
b1111011001 )
1%
#9870000
0%
#9875000
b11 ?
b11 G
b11 N
b11 q
b1111011010 )
b1 e
b1 g
b1 h
b11 J
b11 M
b11 I
b11 L
b11 H
b11 K
1%
#9880000
0%
#9885000
b10 ?
b10 G
b10 N
b10 q
b10 J
b10 M
b10 I
b10 L
b10 H
b10 K
1:
b0 e
b0 g
b0 h
b1111011011 )
1%
#9890000
0%
#9895000
b1 ?
b1 G
b1 N
b1 q
b1111011100 )
11
b10 O
0:
b111 e
b111 g
b111 h
b1 J
b1 M
b1 I
b1 L
b1 H
b1 K
1%
#9900000
0%
#9905000
19
b0 ?
b0 G
b0 N
b0 q
b100 d
b100 f
b0 J
b0 M
b0 I
b0 L
b0 H
b0 K
b101 e
b101 g
b101 h
01
0/
1!
b1111011101 )
1%
#9910000
0%
#9915000
09
b111 ?
b111 G
b111 N
b111 q
b1111011110 )
b100 e
b100 g
b100 h
1i
b111 J
b111 M
b111 I
b111 L
b111 H
b111 K
1%
#9920000
0%
#9925000
b110 ?
b110 G
b110 N
b110 q
b110 J
b110 M
b110 I
b110 L
b110 H
b110 K
0i
1j
b11 e
b11 g
b11 h
b1111011111 )
1%
#9930000
0%
#9935000
b101 ?
b101 G
b101 N
b101 q
b1111100000 )
b10 e
b10 g
b10 h
0j
1k
b101 J
b101 M
b101 I
b101 L
b101 H
b101 K
1%
#9940000
0%
#9945000
b100 ?
b100 G
b100 N
b100 q
b100 J
b100 M
b100 I
b100 L
b100 H
b100 K
0k
b1 e
b1 g
b1 h
b1111100001 )
1%
#9950000
0%
#9955000
b11 ?
b11 G
b11 N
b11 q
b1111100010 )
1:
b0 e
b0 g
b0 h
b11 J
b11 M
b11 I
b11 L
b11 H
b11 K
1%
#9960000
0%
#9965000
b10 ?
b10 G
b10 N
b10 q
b10 J
b10 M
b10 I
b10 L
b10 H
b10 K
0:
b111 e
b111 g
b111 h
11
b11 O
b1111100011 )
1%
#9970000
0%
#9975000
b1 ?
b1 G
b1 N
b1 q
b101 d
b101 f
b1111100100 )
01
1/
0!
b100 e
b100 g
b100 h
b1 J
b1 M
b1 I
b1 L
b1 H
b1 K
1%
#9980000
0%
#9985000
19
b0 ?
b0 G
b0 N
b0 q
b0 J
b0 M
b0 I
b0 L
b0 H
b0 K
b11 e
b11 g
b11 h
b1111100101 )
1%
#9990000
0%
#9995000
09
b111 ?
b111 G
b111 N
b111 q
b1111100110 )
b10 e
b10 g
b10 h
1i
b111 J
b111 M
b111 I
b111 L
b111 H
b111 K
1%
#10000000
0%
